user_id,course_id,completion_date
628,22,2022-08-23
906,39,2023-05-24
626,24,2022-02-23
982,36,2023-05-28
247,42,2023-02-21
93,47,2024-02-26
405,44,2022-03-28
717,32,2024-02-13
216,7,2022-07-28
197,48,2023-03-26
943,42,2022-08-04
419,27,2022-08-21
663,7,2023-02-12
633,35,2023-06-30
976,26,2022-05-06
750,49,2023-11-24
798,42,2023-03-19
370,9,2022-09-18
545,8,2023-10-04
952,19,2023-01-05
673,29,2022-01-28
585,48,2022-10-08
943,47,2022-03-26
910,43,2022-03-02
68,30,2022-09-03
239,13,2023-03-12
59,2,2022-09-23
752,16,2022-08-13
813,32,2023-11-27
255,47,2023-08-02
298,40,2023-08-29
351,36,2022-02-07
218,33,2022-07-13
390,22,2022-06-25
720,37,2023-06-06
3,2,2022-05-13
72,27,2023-08-18
143,21,2022-04-28
77,23,2023-09-11
625,48,2024-01-11
979,32,2022-04-11
260,10,2023-08-01
497,4,2022-06-22
118,49,2023-08-20
993,1,2023-02-21
694,33,2024-01-31
185,46,2022-09-11
128,5,2022-06-10
627,47,2022-12-29
317,27,2023-05-29
416,45,2022-07-07
746,13,2023-12-29
623,25,2023-08-07
19,19,2024-02-19
724,2,2023-02-11
942,40,2024-01-24
964,14,2023-10-09
919,1,2023-03-08
723,3,2022-04-29
17,20,2023-09-16
189,46,2023-12-24
142,43,2023-05-24
80,14,2023-02-18
474,10,2023-05-15
541,3,2022-11-07
330,7,2023-06-18
437,25,2023-12-19
301,22,2023-09-23
502,12,2023-10-23
36,34,2022-01-25
902,6,2022-08-10
60,44,2024-01-07
204,43,2023-10-17
744,10,2022-11-18
878,34,2022-10-26
81,12,2023-03-28
444,28,2023-03-15
161,12,2022-02-11
470,40,2023-03-11
214,37,2023-06-04
666,36,2022-02-25
571,18,2022-02-06
627,29,2022-02-11
54,43,2023-04-04
581,45,2023-02-06
117,13,2022-09-16
170,50,2022-12-17
47,13,2022-02-10
463,42,2022-05-13
492,17,2024-01-17
271,42,2023-04-06
628,44,2022-02-27
318,37,2022-01-08
310,31,2024-02-24
867,26,2022-08-31
816,6,2022-06-11
748,12,2022-07-28
824,26,2023-09-14
728,6,2022-11-10
87,8,2023-01-13
82,43,2023-03-31
65,6,2024-01-27
961,48,2024-01-31
6,36,2023-02-10
951,23,2023-06-04
332,4,2022-04-30
715,45,2024-02-04
788,34,2022-08-27
989,3,2022-04-27
349,30,2023-04-20
368,49,2022-05-27
994,45,2024-02-25
124,15,2023-12-14
551,44,2022-01-04
550,1,2023-07-01
636,48,2023-10-31
491,29,2022-01-19
984,3,2023-01-19
256,3,2023-08-19
260,25,2022-03-30
811,47,2023-10-07
291,32,2022-04-01
23,25,2023-07-26
165,5,2022-06-11
419,12,2024-02-26
870,35,2024-01-05
255,25,2023-09-05
262,42,2023-10-04
1000,26,2022-01-13
839,42,2022-04-11
818,34,2023-11-07
963,9,2023-10-10
497,37,2022-04-02
677,23,2023-11-20
616,16,2023-02-17
569,30,2023-12-31
584,7,2023-05-18
42,47,2024-01-28
787,30,2023-03-18
951,35,2023-05-27
311,48,2022-04-03
795,37,2023-03-06
655,4,2024-01-08
657,38,2022-04-27
584,49,2022-06-17
381,3,2022-12-01
243,12,2023-11-25
181,37,2022-01-08
926,15,2022-06-16
716,2,2023-02-16
238,42,2022-06-09
23,35,2022-12-31
600,22,2023-08-13
504,9,2022-06-18
269,36,2022-02-20
646,28,2023-10-27
358,29,2022-05-19
994,41,2022-02-17
804,15,2023-01-30
599,48,2022-07-02
492,11,2022-05-20
641,45,2023-11-24
454,35,2023-09-02
672,3,2023-02-24
589,15,2023-10-08
211,19,2023-03-31
81,20,2024-02-11
313,35,2023-02-26
81,32,2022-01-15
301,17,2023-07-31
73,38,2023-05-24
139,4,2022-12-07
847,42,2023-04-04
177,48,2024-02-18
221,2,2023-04-04
376,39,2023-11-21
671,38,2022-01-19
552,34,2024-02-08
386,8,2023-07-07
437,11,2022-07-26
814,35,2022-04-12
81,44,2023-04-18
686,1,2023-07-31
942,13,2022-12-06
946,24,2022-01-01
913,28,2023-11-09
647,41,2022-09-01
10,29,2024-02-11
328,21,2023-09-21
214,38,2023-09-02
915,47,2022-08-04
650,30,2022-05-19
926,16,2022-01-01
20,27,2023-06-29
836,33,2023-06-15
944,7,2023-04-12
426,4,2023-07-19
878,16,2022-05-03
462,27,2023-11-14
796,4,2023-07-06
985,13,2023-03-24
400,39,2022-10-17
720,8,2022-08-29
513,16,2023-05-08
994,27,2023-11-07
578,17,2022-06-25
24,36,2022-07-23
933,29,2022-02-28
596,3,2022-08-07
328,47,2022-04-03
621,46,2022-08-01
980,42,2023-05-21
128,41,2023-03-11
708,23,2022-04-17
889,6,2023-03-08
30,35,2024-01-01
485,2,2022-01-23
44,10,2023-12-06
183,50,2023-09-28
176,9,2023-07-27
71,24,2022-03-22
592,2,2022-04-22
188,24,2023-07-23
242,9,2023-03-29
836,24,2022-12-21
401,14,2022-03-11
299,4,2022-03-25
48,22,2022-03-27
32,8,2023-01-24
466,33,2022-09-11
607,40,2022-08-07
203,10,2023-09-04
843,43,2022-01-09
611,26,2024-01-06
271,16,2023-05-18
498,8,2023-04-05
57,18,2022-08-03
137,44,2024-01-12
593,18,2023-01-23
519,23,2022-07-31
401,42,2022-10-31
16,2,2023-07-16
203,36,2022-10-13
980,34,2023-07-19
992,41,2023-09-15
941,11,2022-09-16
45,16,2024-02-27
475,3,2022-08-10
757,50,2022-12-16
496,39,2023-10-06
176,29,2024-01-27
818,1,2024-01-09
448,7,2022-12-27
370,35,2023-05-22
767,13,2023-05-28
988,9,2022-05-07
166,6,2022-02-18
749,33,2022-12-12
552,34,2023-01-14
225,36,2022-06-14
240,7,2023-08-03
634,35,2023-09-13
411,35,2023-09-14
727,42,2023-10-14
458,39,2022-04-11
578,41,2023-04-26
198,37,2023-08-19
721,6,2023-11-18
105,49,2023-12-14
866,42,2024-02-05
956,13,2022-08-13
818,26,2022-04-14
613,9,2023-12-04
863,45,2023-11-25
562,3,2023-01-12
776,32,2022-02-15
675,27,2023-11-06
644,23,2022-02-02
645,9,2022-10-23
359,36,2023-05-30
176,36,2023-10-20
409,15,2022-11-23
16,2,2023-04-11
151,15,2023-01-25
10,21,2023-01-02
308,24,2023-05-30
194,32,2023-06-10
85,30,2023-12-08
379,45,2022-10-23
829,6,2023-01-11
894,10,2023-08-24
134,41,2023-05-05
18,14,2022-06-22
638,45,2022-09-01
958,11,2022-10-02
247,15,2023-12-02
977,44,2022-05-06
308,12,2024-01-02
782,35,2022-12-07
502,42,2023-07-22
805,10,2022-03-16
599,32,2022-02-23
322,21,2022-04-28
249,23,2022-01-10
576,43,2023-08-26
844,15,2022-01-04
303,22,2022-09-02
926,29,2022-03-31
613,44,2022-08-05
940,4,2024-01-21
853,34,2024-02-03
870,31,2023-02-11
433,16,2022-11-16
171,38,2022-08-05
523,38,2023-04-27
179,40,2022-10-28
226,38,2022-10-13
753,1,2024-02-19
944,46,2023-03-07
520,37,2023-10-25
357,22,2023-05-05
539,22,2023-08-01
52,2,2023-01-08
570,8,2022-06-26
13,35,2024-02-03
595,25,2022-11-15
951,13,2023-12-23
701,27,2023-03-20
748,22,2022-03-20
991,11,2022-12-01
286,29,2023-07-19
458,38,2024-01-23
281,42,2022-11-29
457,13,2024-02-28
307,11,2022-05-25
238,8,2022-05-28
346,3,2022-10-18
850,9,2022-11-01
306,35,2022-08-28
582,44,2022-08-16
103,23,2023-03-23
781,44,2023-04-07
211,7,2022-10-03
217,15,2022-03-02
932,8,2023-05-08
540,47,2022-08-16
618,4,2022-04-10
61,2,2024-02-01
396,36,2023-04-13
953,18,2023-06-17
724,26,2022-06-08
930,21,2022-06-09
491,34,2022-05-04
153,24,2024-01-23
329,2,2022-04-07
400,46,2022-06-07
334,22,2022-09-21
198,37,2023-05-15
956,16,2022-11-02
492,25,2022-05-18
628,5,2023-07-19
470,40,2023-04-16
445,48,2024-01-24
883,44,2022-11-21
874,27,2023-06-16
531,2,2023-03-02
788,31,2022-11-16
346,48,2023-01-19
294,19,2024-02-01
669,47,2023-10-07
314,9,2023-07-09
232,44,2023-02-09
529,43,2023-01-01
412,24,2022-03-01
816,17,2022-10-03
848,49,2022-10-01
175,31,2022-02-24
660,7,2022-02-17
607,8,2023-11-26
317,3,2022-07-13
534,4,2022-03-08
186,34,2023-01-15
213,29,2022-10-16
482,12,2022-02-16
941,29,2023-10-17
94,37,2022-07-01
592,15,2022-08-30
502,38,2023-02-02
167,12,2022-03-27
665,12,2023-05-01
669,8,2023-11-25
839,42,2023-09-05
742,23,2023-02-08
555,41,2022-12-28
751,34,2022-08-21
490,30,2022-10-31
755,9,2023-04-08
935,8,2023-11-23
98,31,2022-12-10
120,9,2022-05-25
983,21,2023-05-28
196,26,2022-07-08
953,10,2023-10-03
708,25,2024-01-15
163,36,2023-10-31
389,37,2023-12-12
91,46,2023-04-03
949,17,2022-03-26
39,36,2022-09-06
209,33,2023-06-11
249,39,2022-11-24
956,25,2022-05-08
695,18,2022-09-22
987,20,2023-08-01
758,47,2023-09-01
253,13,2023-03-20
898,10,2022-07-28
819,44,2023-03-02
871,37,2023-02-23
655,24,2023-05-13
532,30,2022-03-21
625,13,2023-05-07
547,20,2022-06-21
373,9,2023-11-03
126,15,2023-07-09
560,11,2022-01-26
589,19,2023-03-21
395,42,2022-07-02
401,48,2023-10-11
911,37,2022-12-25
156,31,2022-11-16
770,18,2022-09-18
176,16,2022-05-27
510,27,2022-06-17
612,19,2022-03-18
128,45,2023-07-29
801,25,2022-01-25
230,27,2023-10-30
11,39,2023-06-05
232,47,2022-03-08
137,34,2023-11-17
806,48,2023-02-16
444,13,2024-02-20
274,46,2023-12-10
244,29,2022-10-23
667,8,2022-06-11
108,15,2022-01-17
120,9,2023-06-01
900,6,2022-09-29
837,23,2022-01-05
807,21,2022-09-21
207,28,2024-02-12
690,2,2023-12-07
974,42,2024-01-23
554,30,2023-10-06
407,42,2023-09-12
561,18,2023-08-30
807,49,2022-02-28
968,5,2022-08-31
18,6,2022-03-30
830,43,2022-05-07
659,9,2024-02-17
111,40,2023-09-06
843,13,2023-05-17
191,11,2023-09-18
755,46,2022-12-16
833,30,2022-05-14
870,40,2022-10-23
638,37,2022-07-02
41,41,2024-01-14
238,36,2022-05-04
205,4,2022-04-10
74,20,2023-12-24
245,37,2023-04-16
153,40,2022-02-23
997,50,2023-12-08
530,25,2023-04-05
602,21,2022-05-28
915,3,2022-09-15
788,46,2022-09-06
242,27,2023-12-23
334,40,2023-03-02
380,29,2022-12-22
865,18,2022-08-15
439,25,2023-04-27
846,38,2023-06-04
61,6,2022-05-04
549,9,2023-03-31
244,27,2024-01-19
949,49,2023-09-05
555,4,2023-10-17
961,29,2024-02-24
383,12,2023-08-09
864,45,2023-04-23
616,27,2023-10-10
729,15,2022-09-03
121,34,2023-06-13
916,47,2023-06-11
308,47,2022-02-26
533,19,2022-11-25
437,14,2023-05-31
126,27,2024-01-06
142,33,2022-07-23
433,48,2023-11-17
153,5,2023-05-12
965,25,2023-05-07
887,48,2022-12-20
927,13,2024-02-10
945,48,2022-11-05
746,2,2023-06-14
272,39,2022-02-20
26,23,2023-10-08
784,21,2024-01-31
557,6,2022-08-13
242,46,2022-08-07
169,11,2023-05-09
487,5,2023-02-06
816,46,2022-10-03
903,11,2022-01-24
91,15,2023-07-14
177,17,2023-05-24
578,11,2023-09-11
760,16,2023-01-14
317,31,2023-02-23
894,45,2022-08-07
400,28,2022-09-23
587,2,2023-07-09
48,24,2023-07-29
83,14,2024-01-04
350,42,2022-11-28
76,44,2022-05-27
124,28,2023-12-02
995,49,2022-08-28
88,44,2024-01-21
396,37,2023-11-09
478,43,2022-01-19
96,18,2023-07-29
321,24,2022-11-22
901,16,2024-01-05
388,7,2023-08-18
887,13,2023-09-20
450,1,2023-12-10
793,36,2023-08-08
805,17,2022-01-07
956,30,2023-05-29
846,28,2024-01-26
398,42,2023-02-08
620,2,2022-07-10
978,48,2023-08-26
487,2,2023-04-10
665,39,2022-04-17
75,6,2022-04-27
928,7,2022-02-07
884,24,2022-03-01
486,41,2024-02-21
242,27,2022-07-04
774,35,2023-05-01
759,28,2023-02-27
308,39,2022-09-25
788,7,2023-11-15
311,18,2022-11-10
598,43,2022-11-02
57,37,2023-12-17
609,16,2023-06-27
919,30,2023-09-20
767,16,2022-01-04
794,30,2022-09-07
686,39,2023-03-16
957,49,2023-06-29
185,13,2022-02-27
810,42,2022-01-13
86,9,2023-05-29
312,50,2022-06-12
924,2,2022-05-09
933,37,2023-02-28
313,33,2022-05-10
41,44,2022-03-20
796,4,2022-04-23
670,45,2022-07-23
159,30,2023-12-03
719,45,2023-09-11
785,30,2022-05-07
337,45,2023-01-26
873,23,2023-04-09
650,11,2023-01-29
255,44,2022-12-12
945,3,2022-03-13
529,49,2023-03-25
700,10,2023-04-23
560,18,2022-06-18
1000,29,2023-03-09
746,2,2022-09-17
625,1,2022-11-18
213,40,2022-07-06
777,38,2022-01-24
747,23,2022-04-24
192,24,2023-11-10
287,41,2023-06-30
706,10,2022-02-03
267,10,2022-10-20
879,21,2023-10-23
621,14,2023-07-17
311,41,2023-12-17
282,44,2023-07-10
694,2,2023-05-29
171,34,2023-02-18
583,39,2023-09-07
657,13,2022-03-27
675,19,2022-10-14
603,10,2022-07-20
362,6,2024-02-12
373,47,2023-02-06
795,35,2023-08-28
684,2,2023-08-05
434,19,2022-08-26
662,29,2023-06-27
601,39,2022-09-12
768,18,2023-08-03
803,40,2022-12-25
330,47,2023-06-22
400,38,2023-07-18
682,31,2023-02-06
829,7,2022-11-07
751,18,2022-10-04
669,27,2022-08-27
61,5,2022-06-25
576,17,2022-05-30
453,22,2023-03-31
271,36,2023-09-17
122,35,2023-01-22
478,44,2023-06-22
598,46,2023-06-24
956,11,2023-07-16
113,17,2022-09-07
750,43,2023-03-19
664,40,2023-07-04
193,10,2022-05-25
505,37,2023-06-01
265,35,2023-07-21
612,20,2023-12-08
35,16,2022-06-12
682,13,2023-08-10
944,38,2023-09-26
378,45,2023-04-28
898,13,2023-04-02
902,29,2022-04-16
909,48,2023-09-11
627,49,2023-05-15
894,43,2022-04-08
76,30,2023-10-09
235,21,2022-04-24
745,39,2023-09-17
58,11,2023-11-20
495,33,2023-12-05
194,8,2023-06-30
57,14,2022-08-07
451,48,2022-04-05
788,44,2022-12-05
226,34,2023-02-04
49,22,2024-02-02
417,17,2023-08-10
276,16,2022-12-27
116,7,2024-01-10
161,18,2023-11-13
979,31,2023-12-17
458,48,2023-06-16
539,23,2023-07-27
988,27,2022-05-02
714,16,2023-01-19
116,46,2023-03-24
716,13,2023-12-01
360,50,2023-03-20
659,5,2023-05-25
539,6,2022-02-06
926,22,2022-04-15
433,41,2023-08-01
532,45,2022-05-28
417,18,2023-11-29
290,6,2022-02-26
65,42,2022-09-26
759,23,2023-11-13
792,12,2022-05-26
496,39,2022-04-25
11,30,2023-01-15
83,16,2024-02-11
630,17,2022-04-11
755,7,2023-01-02
343,40,2023-04-18
677,48,2022-04-09
915,34,2022-02-14
785,19,2022-09-23
518,29,2022-12-15
768,21,2022-06-03
251,22,2024-02-22
164,17,2023-09-18
263,43,2023-07-22
313,46,2023-09-26
865,21,2022-12-13
436,37,2022-10-05
178,8,2024-01-04
645,41,2023-11-26
144,7,2023-02-08
991,11,2023-08-19
837,21,2024-01-03
303,17,2023-04-16
41,1,2024-01-16
31,49,2023-11-22
12,28,2023-06-17
876,1,2022-09-29
515,9,2022-06-30
988,15,2022-03-05
307,35,2023-05-02
882,4,2023-02-10
423,20,2023-03-05
662,25,2022-03-02
265,9,2024-02-04
424,15,2023-01-07
786,29,2023-01-22
257,17,2023-01-22
248,44,2022-07-05
709,42,2023-03-09
569,43,2023-12-01
567,40,2023-10-27
110,18,2023-08-20
550,28,2023-05-14
964,25,2023-02-27
735,27,2022-01-02
705,20,2022-03-14
23,12,2023-05-01
823,33,2023-10-27
405,29,2022-03-27
151,42,2022-07-31
551,36,2022-03-31
982,16,2023-06-18
945,36,2022-06-22
396,40,2023-09-01
747,15,2022-12-23
469,32,2023-02-26
275,7,2023-08-26
331,20,2023-05-24
101,30,2023-09-19
85,14,2023-07-13
202,18,2024-02-02
162,8,2022-05-02
51,39,2022-11-15
756,37,2023-10-11
962,6,2022-10-26
400,35,2022-11-19
775,12,2022-10-03
987,14,2022-06-25
956,43,2024-01-11
4,46,2023-12-02
363,10,2023-04-11
466,35,2022-01-27
87,39,2022-07-28
425,42,2022-07-01
704,44,2023-10-27
919,33,2023-01-03
362,11,2024-01-07
770,11,2024-02-22
559,6,2022-07-04
480,9,2022-12-15
160,45,2023-04-21
731,30,2023-02-07
373,32,2023-09-21
909,32,2023-05-16
723,46,2022-09-14
650,17,2022-07-31
436,7,2022-06-29
99,1,2023-09-10
88,45,2022-09-12
342,23,2023-08-20
826,17,2022-11-29
851,4,2023-07-12
928,20,2022-11-20
198,16,2022-11-19
769,45,2023-04-09
551,30,2022-09-22
530,27,2024-02-19
601,24,2023-03-19
3,4,2023-11-13
167,27,2023-03-30
10,39,2023-09-22
186,42,2022-05-31
315,8,2023-03-16
547,31,2022-09-11
366,32,2022-05-21
781,50,2023-10-08
527,48,2022-10-11
555,39,2023-09-02
232,11,2023-01-07
892,26,2022-07-02
668,48,2023-08-14
646,50,2022-12-23
911,24,2023-01-14
552,34,2023-03-27
520,19,2022-12-12
882,16,2022-04-16
542,12,2023-11-27
586,37,2023-03-05
950,34,2022-08-25
914,46,2022-04-04
740,2,2022-09-08
251,15,2023-03-21
486,26,2022-05-13
834,43,2022-12-16
738,34,2022-02-12
331,4,2023-02-18
118,37,2023-08-03
255,26,2022-06-05
830,24,2022-05-05
294,3,2022-12-07
802,16,2022-03-16
59,23,2022-10-30
659,5,2022-03-13
440,29,2023-04-26
624,48,2022-06-20
910,41,2023-07-14
410,10,2023-11-18
428,31,2022-10-27
266,49,2023-08-27
596,20,2022-03-19
880,25,2022-07-01
400,27,2022-01-06
108,24,2022-07-29
202,5,2022-09-30
88,15,2022-07-27
478,40,2023-02-28
922,4,2023-09-09
946,28,2022-05-05
277,24,2022-05-12
652,42,2022-12-15
562,9,2023-03-23
722,4,2022-05-16
11,36,2023-09-13
55,24,2023-09-09
657,4,2024-02-10
754,44,2022-11-15
334,7,2022-09-03
930,1,2024-01-19
151,11,2022-05-10
105,37,2022-04-12
346,31,2023-04-02
571,43,2022-07-03
440,27,2023-03-18
362,2,2022-02-01
814,16,2023-04-30
193,10,2023-05-10
944,26,2022-02-06
331,6,2023-02-21
693,13,2023-12-14
767,43,2022-01-11
823,40,2023-11-16
661,2,2022-06-07
690,8,2023-09-19
141,50,2022-03-17
971,10,2022-07-03
559,48,2022-01-02
440,12,2022-01-11
36,26,2023-09-23
298,20,2023-07-04
167,22,2023-02-08
708,4,2023-07-22
831,24,2023-08-03
272,42,2022-10-28
821,6,2022-11-24
730,50,2023-12-10
453,16,2022-12-14
139,22,2024-01-07
871,25,2022-07-13
576,4,2022-09-26
824,31,2023-06-04
357,43,2023-01-10
442,15,2022-03-18
458,5,2023-05-08
786,37,2022-05-30
197,29,2023-03-01
855,32,2024-01-17
973,46,2022-05-19
491,10,2023-05-21
229,25,2023-05-13
618,45,2023-08-04
235,20,2022-12-08
907,14,2023-02-02
860,6,2023-08-16
636,23,2023-02-09
356,6,2023-10-13
740,45,2022-11-13
832,38,2023-11-12
735,14,2023-07-05
535,21,2023-09-11
144,5,2022-01-27
983,37,2023-09-10
426,12,2022-01-01
655,2,2024-02-16
525,32,2023-02-05
245,17,2022-09-18
867,40,2023-05-23
292,30,2023-06-21
307,23,2023-05-09
541,5,2024-02-20
639,11,2022-11-08
904,34,2023-04-30
503,16,2022-12-23
861,26,2023-05-19
757,10,2023-06-08
182,17,2022-11-03
599,8,2023-11-18
861,42,2023-06-07
452,8,2022-07-27
714,47,2023-10-28
269,37,2022-06-07
279,20,2024-01-29
17,20,2023-03-08
421,16,2023-10-09
265,3,2023-05-28
364,5,2022-07-27
26,36,2022-12-16
987,43,2022-02-25
91,1,2022-02-17
45,42,2023-11-03
760,2,2022-02-21
225,20,2022-05-17
167,24,2022-04-20
370,17,2022-06-28
869,17,2023-03-22
972,20,2022-01-02
881,35,2023-04-19
764,2,2022-09-21
422,27,2023-11-27
982,28,2022-05-13
845,2,2022-10-13
109,20,2023-06-12
930,50,2023-03-24
633,3,2022-07-21
320,49,2022-03-22
452,11,2022-08-21
20,13,2022-01-20
714,12,2022-01-16
602,33,2023-03-04
885,25,2022-09-01
387,11,2022-06-07
231,4,2023-05-08
646,37,2023-04-27
968,33,2022-03-15
865,50,2024-02-02
241,16,2022-08-17
779,15,2023-03-10
20,42,2023-04-21
482,39,2022-04-30
929,9,2022-02-19
761,44,2024-01-08
608,5,2022-06-23
719,8,2022-08-26
912,15,2023-04-15
528,40,2023-01-31
848,50,2022-03-27
702,11,2022-02-20
325,34,2022-12-30
821,47,2022-03-22
180,41,2022-01-02
481,14,2023-12-25
519,18,2022-04-20
898,11,2022-09-14
396,47,2023-04-05
545,34,2023-09-08
336,45,2023-03-11
718,37,2024-02-02
549,42,2022-04-18
655,33,2022-04-02
819,25,2023-10-09
72,7,2023-07-11
83,41,2022-05-28
573,17,2024-02-22
739,34,2022-09-24
130,37,2022-01-02
557,25,2023-10-12
659,18,2023-12-19
92,44,2023-06-09
98,14,2023-07-24
982,33,2022-06-22
956,3,2023-03-12
458,4,2023-05-02
540,14,2023-04-03
370,41,2023-12-25
321,44,2023-06-30
530,6,2023-08-31
803,9,2023-06-28
187,41,2022-04-10
90,1,2022-02-18
430,47,2023-12-06
360,45,2023-04-05
274,22,2022-10-15
303,37,2023-10-16
972,45,2022-12-10
115,7,2023-08-11
69,33,2022-01-26
547,26,2023-07-10
512,29,2023-06-23
942,4,2022-08-26
399,48,2022-03-27
400,46,2024-02-12
343,18,2022-10-07
252,8,2022-12-23
425,24,2022-12-11
796,31,2022-06-22
446,5,2022-10-03
365,45,2022-10-16
550,37,2024-02-11
82,37,2023-10-09
911,18,2023-05-07
588,43,2022-03-09
181,25,2022-05-02
471,32,2022-01-21
177,6,2022-07-12
31,18,2023-11-15
979,14,2022-03-23
141,37,2022-10-31
417,19,2024-02-22
415,21,2022-12-13
978,25,2023-12-30
243,3,2023-02-28
22,29,2023-03-11
662,15,2023-09-27
717,45,2023-09-25
260,30,2022-03-17
123,40,2023-12-12
993,3,2022-09-13
324,21,2023-09-06
767,41,2022-02-18
101,38,2023-02-26
464,6,2023-12-25
375,13,2024-01-02
567,39,2022-06-04
580,7,2023-01-05
577,43,2022-11-02
212,18,2023-01-07
598,16,2023-04-19
308,26,2023-08-29
873,20,2022-08-03
787,3,2022-02-06
970,43,2022-03-29
227,23,2022-02-24
344,19,2022-05-24
975,11,2023-04-26
624,45,2023-02-02
187,27,2022-05-21
951,7,2022-11-14
802,47,2023-06-11
923,18,2022-04-20
146,50,2022-10-18
432,31,2022-03-26
853,39,2022-05-11
167,2,2022-02-08
189,22,2022-11-29
233,37,2022-04-08
795,39,2023-07-26
242,6,2022-07-15
394,23,2023-12-11
787,47,2022-08-05
166,13,2023-05-15
25,38,2023-12-26
863,36,2023-09-08
29,50,2022-11-29
191,6,2023-02-09
601,9,2023-01-06
507,33,2022-01-06
727,9,2023-03-17
60,25,2022-03-29
631,32,2022-08-29
586,3,2022-07-13
749,41,2023-11-27
136,11,2023-12-09
526,40,2023-07-10
392,5,2022-02-25
414,3,2022-07-07
125,44,2022-08-19
78,32,2023-12-14
58,39,2022-01-25
582,7,2023-09-13
462,1,2022-11-02
270,6,2024-02-21
37,45,2023-08-15
501,47,2022-01-05
43,35,2023-04-01
534,19,2023-05-15
429,31,2022-02-10
387,2,2023-09-05
472,33,2024-02-01
804,30,2022-09-24
163,24,2022-08-11
639,10,2022-03-28
457,45,2023-10-26
766,30,2022-01-16
1,43,2023-03-02
980,25,2022-08-18
598,35,2023-01-10
324,40,2023-09-04
487,4,2022-10-23
17,44,2024-02-21
210,4,2022-07-11
692,12,2022-02-05
91,39,2022-11-11
824,14,2023-04-21
908,5,2023-02-01
640,8,2024-01-22
64,35,2023-04-20
687,48,2022-03-09
985,38,2022-02-18
933,8,2023-05-01
918,23,2022-01-28
465,45,2022-07-27
288,15,2023-09-29
885,18,2022-10-23
294,2,2023-09-18
206,16,2023-06-23
643,16,2022-09-26
229,8,2023-02-08
650,34,2023-01-30
766,36,2023-11-20
982,16,2023-09-18
788,10,2023-08-30
968,1,2022-04-22
589,20,2022-10-28
318,44,2023-05-26
390,38,2022-10-11
609,9,2022-08-15
50,10,2023-09-23
112,8,2023-05-26
134,46,2022-11-24
525,49,2023-11-02
179,7,2023-10-15
646,14,2022-04-11
787,21,2023-10-03
677,16,2024-02-01
158,23,2024-02-04
10,30,2022-11-16
110,18,2023-09-28
613,28,2024-01-19
34,22,2022-10-03
73,38,2022-09-27
477,43,2023-11-11
604,4,2023-12-14
70,11,2023-06-07
348,39,2022-10-11
454,42,2024-01-07
825,39,2023-01-20
37,11,2022-11-06
641,13,2023-06-10
421,13,2023-02-03
454,33,2023-11-10
277,42,2022-02-12
755,1,2022-07-14
284,41,2023-05-07
511,37,2022-01-17
279,41,2023-01-30
185,25,2022-11-01
513,31,2023-04-23
161,41,2023-03-21
434,17,2022-03-26
186,36,2023-08-09
992,6,2022-05-20
71,29,2023-03-26
713,27,2022-12-19
468,38,2022-01-30
255,1,2022-09-21
666,42,2023-09-12
984,32,2023-07-31
569,6,2024-02-19
490,43,2022-01-21
587,15,2022-10-21
444,18,2022-11-21
433,37,2024-01-26
232,45,2023-12-17
893,21,2023-06-03
86,36,2022-05-11
126,10,2023-01-24
746,47,2022-09-22
744,7,2022-12-14
229,4,2023-11-19
681,22,2023-01-24
895,45,2023-06-08
292,1,2022-03-26
26,19,2022-06-15
959,45,2022-05-17
75,20,2023-04-30
449,46,2024-01-18
83,34,2023-08-21
429,44,2023-05-12
75,9,2024-01-19
519,38,2024-02-21
816,49,2023-10-06
296,50,2022-06-21
832,44,2022-06-22
413,14,2023-02-17
21,36,2022-04-13
42,48,2023-12-22
43,22,2023-09-23
891,27,2023-04-04
151,3,2023-01-07
857,45,2022-03-02
851,2,2022-08-29
706,42,2022-02-11
675,33,2023-11-07
215,42,2023-02-18
409,44,2022-04-14
710,40,2023-02-13
502,37,2023-01-26
261,33,2022-03-01
642,20,2022-09-21
156,24,2022-02-08
905,7,2023-07-13
840,27,2023-04-25
432,31,2022-03-31
404,44,2023-12-21
695,43,2023-09-11
449,25,2023-01-01
665,26,2024-01-25
773,11,2022-12-07
409,31,2023-03-24
641,35,2023-08-18
840,19,2023-10-24
929,13,2022-07-15
397,39,2023-04-15
108,42,2022-04-28
144,22,2023-10-27
74,13,2022-02-03
368,22,2022-02-08
915,10,2023-07-14
399,37,2022-07-31
586,12,2023-02-21
240,37,2023-02-13
471,19,2024-02-27
273,38,2022-05-08
698,12,2023-02-13
105,48,2023-12-09
457,16,2022-01-07
911,46,2023-08-10
627,8,2023-09-15
921,29,2023-11-18
629,30,2022-04-14
140,1,2022-11-07
630,8,2023-02-21
990,4,2023-07-20
848,36,2022-10-05
10,16,2022-10-21
701,44,2023-03-27
430,5,2023-07-21
980,48,2022-04-03
144,4,2023-10-20
712,16,2023-11-16
378,30,2023-10-14
907,40,2023-12-13
127,44,2022-07-22
950,40,2023-10-04
64,30,2022-07-25
268,49,2023-07-31
698,49,2022-11-08
312,2,2023-06-19
574,29,2022-04-07
271,1,2023-04-30
877,8,2023-09-20
536,36,2022-07-01
107,49,2022-11-15
542,17,2022-09-06
727,41,2022-06-06
908,7,2022-07-20
150,5,2022-07-16
759,20,2023-11-10
298,30,2022-09-06
293,22,2023-07-20
683,12,2023-09-26
186,35,2023-11-29
531,37,2022-08-23
234,42,2023-12-28
177,28,2023-01-26
778,48,2022-12-01
919,4,2023-12-10
330,24,2023-10-05
352,18,2023-07-10
803,27,2023-06-04
269,29,2023-02-09
20,25,2023-10-03
786,17,2022-08-13
137,6,2022-08-02
141,3,2022-03-28
493,18,2024-01-31
194,2,2022-07-22
110,19,2023-06-24
826,3,2023-07-10
426,43,2023-04-29
279,43,2023-01-11
867,37,2022-08-19
326,7,2022-09-09
933,35,2022-11-14
150,38,2023-10-24
827,36,2023-04-06
424,29,2022-04-09
451,3,2023-07-22
385,47,2023-11-17
764,43,2022-09-08
249,17,2022-02-06
414,22,2022-10-19
401,34,2022-12-06
803,8,2022-05-29
154,26,2023-02-25
510,36,2023-09-29
935,32,2023-10-06
584,5,2022-02-25
996,14,2022-06-29
183,40,2024-02-04
146,43,2023-01-27
861,34,2023-04-02
832,29,2024-02-01
888,2,2023-11-25
197,20,2022-02-15
124,24,2022-08-24
131,9,2022-08-02
650,21,2023-01-25
942,25,2024-02-21
426,35,2023-04-25
695,17,2023-06-24
599,2,2023-07-08
478,12,2022-08-04
239,10,2022-04-06
55,38,2023-02-18
590,14,2022-06-13
553,26,2022-12-06
887,25,2023-05-24
298,15,2023-09-20
880,39,2024-02-15
488,5,2024-02-24
266,8,2022-05-30
95,45,2023-12-21
132,21,2023-05-14
914,9,2024-01-28
20,26,2023-03-03
488,16,2023-02-01
557,31,2022-05-20
331,28,2022-04-04
547,50,2022-10-06
286,50,2023-02-27
248,12,2023-10-09
969,30,2022-06-23
305,12,2022-11-19
432,17,2023-06-16
925,34,2022-08-10
544,10,2022-06-28
749,50,2023-09-10
131,23,2022-11-24
316,35,2022-02-08
627,6,2023-08-27
704,6,2023-05-02
345,33,2023-10-15
939,5,2022-09-15
605,3,2023-10-08
478,12,2022-09-02
658,25,2024-02-25
147,17,2022-08-21
86,39,2022-02-13
208,22,2023-02-04
722,22,2024-02-07
500,23,2023-05-31
455,20,2022-05-30
518,39,2022-04-11
292,12,2022-03-03
225,15,2022-01-28
527,11,2022-06-22
793,31,2023-05-27
969,14,2022-11-13
583,26,2022-02-16
158,30,2024-01-12
427,22,2022-01-23
185,50,2022-06-07
959,5,2023-07-19
679,28,2023-11-21
829,10,2024-02-01
610,39,2022-09-16
955,2,2023-01-21
293,11,2022-12-20
68,16,2022-08-11
307,15,2023-07-03
86,41,2024-02-26
424,42,2022-01-03
314,35,2023-06-21
664,25,2023-11-09
747,29,2023-03-12
349,27,2022-05-01
47,3,2023-05-05
196,48,2024-01-19
816,29,2022-08-31
14,5,2022-07-01
768,22,2023-12-22
211,7,2022-02-12
159,21,2022-07-09
990,1,2022-08-07
1,32,2023-11-22
135,49,2022-09-20
876,23,2022-09-20
711,21,2024-02-02
157,43,2022-12-03
134,43,2023-07-14
398,17,2023-03-25
445,1,2022-08-11
369,20,2024-01-10
50,8,2022-03-03
420,50,2022-03-31
759,30,2023-05-10
924,12,2022-03-29
98,44,2022-04-14
27,3,2022-01-20
294,6,2022-08-18
681,28,2024-02-17
973,21,2024-02-08
450,27,2023-08-03
567,50,2023-08-15
324,24,2023-12-01
960,20,2022-12-24
716,46,2023-04-23
71,16,2023-08-09
863,1,2023-01-16
525,49,2022-03-30
169,15,2024-01-26
252,31,2022-03-15
680,22,2023-02-11
715,7,2022-05-31
110,27,2023-03-09
573,48,2022-10-07
532,29,2022-05-17
711,40,2023-03-13
526,39,2024-02-17
48,42,2022-08-24
228,32,2023-11-22
249,5,2022-04-13
42,4,2023-07-08
473,35,2023-04-15
131,23,2023-05-03
585,8,2023-01-01
167,3,2022-09-10
799,7,2022-04-08
985,46,2024-01-02
528,2,2024-01-25
110,25,2023-03-31
1,32,2023-01-24
699,11,2023-01-06
763,13,2023-05-29
327,34,2022-12-28
943,18,2022-04-23
778,49,2023-01-18
144,11,2023-12-23
662,38,2022-12-24
715,50,2022-09-08
349,21,2022-01-22
634,45,2022-11-14
984,15,2022-12-23
436,44,2022-04-26
234,4,2023-09-08
667,28,2023-09-28
496,36,2024-02-21
271,25,2023-05-07
330,50,2022-09-25
453,12,2023-11-15
559,28,2023-08-26
887,22,2023-04-22
784,33,2022-11-07
845,32,2023-06-14
782,4,2022-06-04
334,45,2024-01-07
898,36,2023-07-13
511,49,2022-09-27
719,31,2023-02-03
985,21,2023-10-12
784,17,2024-01-15
705,26,2023-06-01
775,25,2022-01-11
308,18,2022-01-21
877,9,2023-10-22
935,5,2022-11-10
861,6,2022-09-25
808,50,2022-06-21
538,35,2024-02-01
145,27,2022-10-01
483,41,2023-11-16
343,46,2023-11-25
826,41,2023-10-16
162,7,2022-01-03
793,31,2022-01-04
131,30,2022-04-13
567,4,2024-02-03
857,44,2024-02-10
518,30,2023-01-12
550,8,2022-12-04
628,49,2022-05-14
505,23,2024-02-27
311,9,2023-11-24
699,29,2023-07-11
447,9,2023-10-09
543,38,2023-02-24
662,42,2022-02-21
821,15,2022-01-01
52,35,2022-11-14
406,39,2023-12-15
27,43,2023-11-03
105,5,2023-05-23
762,4,2024-01-29
352,48,2022-06-08
765,30,2023-08-23
411,45,2023-07-21
864,5,2022-07-10
825,46,2023-10-14
613,2,2022-04-12
776,25,2023-11-26
801,37,2022-01-08
267,17,2022-08-19
763,21,2023-08-14
29,21,2022-08-06
55,42,2022-10-14
952,4,2022-04-09
475,34,2023-09-24
462,42,2022-12-13
771,40,2023-11-11
334,49,2023-12-20
937,50,2022-12-17
547,6,2022-12-25
431,34,2023-03-21
381,4,2024-02-18
434,29,2023-08-16
707,24,2023-05-01
520,36,2023-11-01
779,11,2024-01-15
136,39,2022-12-02
925,39,2024-02-11
957,21,2022-12-20
624,50,2022-01-11
93,25,2022-05-05
957,11,2023-05-02
952,6,2023-03-03
77,2,2023-02-19
460,32,2024-02-21
979,21,2023-07-04
524,14,2022-09-29
810,4,2023-09-18
197,4,2024-01-31
617,36,2022-12-07
841,17,2022-07-30
262,29,2023-01-22
672,50,2023-04-01
413,15,2023-09-30
658,15,2023-11-01
767,15,2023-06-14
96,26,2023-08-18
433,17,2022-05-21
307,37,2022-06-02
616,15,2024-02-01
949,2,2022-10-02
548,21,2022-03-04
881,13,2023-05-25
764,28,2023-10-20
773,46,2024-01-29
257,40,2022-01-08
762,24,2022-10-06
548,12,2023-04-18
246,15,2022-11-26
216,3,2023-04-24
434,43,2023-05-14
585,22,2022-02-25
382,26,2023-01-07
772,36,2023-04-08
419,22,2024-02-12
199,14,2022-07-14
85,50,2024-01-18
848,32,2022-11-23
325,23,2022-12-17
676,47,2024-02-16
702,9,2022-10-13
332,34,2022-09-13
620,33,2022-07-10
480,5,2023-12-06
538,19,2022-09-04
820,28,2022-01-23
764,42,2022-09-24
952,21,2022-06-27
580,4,2022-08-26
469,5,2022-10-25
618,50,2022-03-05
772,25,2024-01-31
791,13,2023-04-23
600,38,2022-07-16
713,20,2024-02-14
512,50,2023-12-12
199,7,2022-09-04
811,20,2022-09-02
154,33,2023-07-03
635,38,2022-05-10
230,21,2022-12-29
229,42,2023-04-05
287,2,2022-03-27
759,37,2022-08-20
1000,40,2023-11-11
308,40,2022-12-17
406,49,2022-01-21
602,32,2023-07-30
690,5,2022-01-24
920,39,2023-12-23
639,3,2023-01-20
437,35,2022-07-09
746,16,2023-03-15
492,35,2023-10-12
522,27,2022-01-03
195,2,2022-10-09
260,35,2022-09-23
529,25,2022-10-03
978,11,2023-07-12
176,22,2022-10-05
404,32,2022-03-11
828,4,2023-12-22
784,17,2023-10-29
948,49,2023-10-27
145,21,2023-09-12
630,6,2022-01-10
328,26,2023-02-26
493,32,2023-05-03
357,46,2023-08-02
149,47,2022-10-16
828,7,2022-06-25
732,16,2022-01-14
736,17,2022-06-16
449,26,2024-02-15
79,42,2022-05-22
49,30,2023-07-19
797,8,2023-06-27
801,46,2022-12-10
184,27,2023-07-07
195,32,2023-04-06
875,16,2022-09-01
121,32,2022-03-09
501,46,2023-06-03
429,28,2024-01-30
409,17,2023-03-18
753,35,2023-02-14
74,45,2023-05-04
276,27,2022-01-10
59,22,2022-03-17
706,38,2022-01-11
898,28,2023-08-07
347,22,2022-03-21
545,25,2022-11-03
274,49,2022-09-14
914,47,2022-04-14
564,25,2023-01-08
122,7,2023-07-02
875,48,2023-03-12
787,12,2022-08-30
227,50,2022-10-30
680,41,2024-02-23
279,10,2022-04-15
995,50,2022-02-15
651,20,2024-01-17
15,39,2022-10-23
675,31,2022-07-29
525,1,2023-10-11
46,3,2022-11-09
247,27,2023-03-24
777,7,2022-09-27
648,11,2023-08-13
830,37,2023-04-05
489,14,2022-02-10
873,28,2022-07-04
761,35,2022-06-22
214,33,2022-05-21
658,6,2022-11-28
638,21,2022-04-27
825,23,2023-07-04
525,7,2022-08-31
345,43,2022-04-18
772,31,2022-12-05
531,18,2022-01-28
274,50,2022-01-13
996,26,2023-06-27
889,37,2023-12-26
496,33,2022-10-01
1,26,2023-09-27
571,28,2022-06-08
203,8,2022-08-29
218,4,2022-08-21
906,21,2022-11-10
926,9,2023-08-29
468,37,2023-06-09
423,11,2023-06-15
505,3,2023-07-05
786,30,2023-06-17
501,17,2022-02-08
971,25,2023-02-13
862,23,2023-07-06
810,36,2023-02-27
847,6,2022-09-24
287,33,2023-06-26
80,22,2023-06-20
982,20,2023-05-16
230,4,2023-07-18
694,13,2023-05-07
634,2,2022-11-29
342,5,2023-08-04
338,39,2023-09-15
322,32,2022-09-06
154,30,2023-04-06
629,36,2023-11-01
813,6,2022-03-21
880,24,2023-06-28
795,13,2024-02-14
977,14,2023-05-23
851,14,2022-01-21
205,18,2023-05-30
32,37,2022-02-15
303,32,2022-03-10
932,31,2022-12-27
762,36,2022-01-24
11,31,2022-07-09
287,26,2023-11-16
395,31,2022-09-10
746,31,2022-03-15
3,15,2023-12-25
402,49,2024-01-21
600,28,2023-05-05
232,21,2022-11-23
760,11,2022-09-15
683,32,2022-09-08
756,33,2023-06-17
310,50,2022-06-03
210,18,2022-08-28
598,25,2022-08-21
329,28,2023-02-08
608,15,2022-03-26
573,8,2024-02-04
361,10,2023-08-21
341,24,2023-08-10
204,33,2022-07-31
645,7,2022-03-20
526,24,2023-09-07
606,12,2023-04-08
81,6,2023-11-17
486,24,2023-05-02
306,14,2022-10-12
551,29,2022-10-17
842,36,2022-06-25
848,22,2023-03-19
90,28,2022-09-03
404,42,2023-05-13
719,49,2023-09-23
529,15,2023-07-02
259,5,2022-02-18
272,20,2023-02-08
308,10,2022-07-09
466,27,2022-04-01
862,26,2022-04-05
108,41,2022-02-28
364,6,2023-08-02
118,50,2022-02-22
114,49,2022-10-15
529,41,2022-07-09
833,41,2024-02-29
459,21,2022-12-18
214,49,2022-04-21
331,41,2022-08-02
125,17,2023-12-11
187,1,2023-09-04
608,4,2024-02-02
800,6,2022-01-04
325,6,2023-07-23
587,3,2022-11-13
993,48,2023-09-24
466,40,2023-02-03
123,6,2024-01-31
711,38,2022-02-11
2,34,2022-09-07
27,48,2023-11-02
825,47,2023-08-07
55,30,2023-12-08
952,7,2022-08-10
201,43,2022-05-01
625,35,2024-01-27
750,50,2022-01-10
501,47,2023-10-16
621,2,2023-02-08
185,45,2023-05-03
745,41,2023-01-11
948,3,2022-01-19
521,4,2024-01-30
166,26,2023-12-27
344,31,2023-06-27
711,8,2023-12-08
47,2,2022-06-15
656,1,2023-06-10
869,37,2022-10-10
697,48,2022-02-24
188,50,2023-01-17
148,35,2023-08-21
409,33,2023-02-14
899,45,2023-02-24
882,34,2022-01-23
366,2,2022-01-17
310,18,2022-12-16
609,1,2023-03-21
732,19,2023-04-21
874,48,2022-10-19
670,41,2023-05-14
498,33,2022-06-10
693,30,2023-03-02
943,8,2023-11-16
435,33,2023-08-17
867,33,2023-07-16
482,50,2023-04-08
594,35,2022-12-24
168,35,2022-05-30
787,26,2023-09-28
333,38,2022-09-16
827,43,2022-05-24
889,33,2023-01-15
847,20,2022-07-30
949,25,2023-07-13
739,46,2022-02-13
296,4,2023-08-02
209,9,2023-12-16
779,19,2022-02-04
453,39,2022-03-13
709,15,2023-07-22
790,48,2022-03-05
582,49,2023-03-05
925,46,2023-09-18
833,10,2022-09-25
117,42,2023-03-29
645,31,2023-03-15
720,48,2023-05-19
569,4,2022-09-07
912,44,2023-04-14
302,37,2022-12-02
814,35,2022-01-25
816,43,2023-12-11
287,10,2023-03-29
400,49,2023-04-24
276,43,2022-06-27
897,43,2023-02-13
209,12,2023-10-11
112,11,2023-11-16
254,3,2023-06-02
729,8,2022-09-13
941,21,2023-10-14
632,26,2022-02-03
573,39,2022-12-26
356,6,2023-09-22
794,47,2023-07-13
605,26,2022-07-23
877,23,2023-06-26
481,41,2022-08-24
770,24,2023-03-31
643,9,2022-12-26
887,30,2022-07-22
26,25,2024-01-27
983,11,2023-08-19
970,20,2023-03-26
168,32,2022-06-27
6,25,2022-11-04
626,17,2024-02-21
82,50,2022-07-05
907,10,2022-05-05
759,18,2023-09-15
820,14,2023-03-01
887,13,2022-06-26
267,25,2022-12-20
988,33,2022-05-10
735,27,2022-07-06
628,34,2023-11-18
819,4,2022-02-20
177,9,2023-03-04
267,20,2022-07-08
799,50,2023-02-17
77,11,2023-12-29
857,37,2023-02-12
627,35,2023-07-08
145,4,2023-05-17
520,48,2022-07-07
731,9,2023-05-10
141,9,2022-09-09
50,1,2022-12-27
112,50,2023-10-25
953,7,2023-10-07
632,47,2023-04-20
562,15,2023-01-07
458,39,2022-08-23
84,41,2022-04-21
470,20,2023-05-23
589,21,2023-10-04
116,5,2022-08-17
666,2,2023-11-24
981,47,2023-04-30
821,32,2022-02-09
858,6,2023-03-20
821,6,2022-05-14
170,10,2022-08-27
785,35,2023-07-27
737,12,2022-04-14
869,30,2023-11-25
550,2,2023-01-07
562,14,2023-04-09
547,21,2023-09-17
29,19,2022-10-03
75,1,2022-04-12
9,48,2022-03-18
785,24,2023-09-13
287,23,2023-04-06
208,34,2022-04-14
362,19,2023-06-15
154,44,2023-12-14
234,42,2023-01-03
668,28,2022-01-13
303,9,2022-08-30
173,1,2022-09-20
900,9,2022-02-24
137,35,2022-10-09
837,23,2024-01-27
424,18,2022-12-07
165,7,2022-09-10
560,45,2023-04-01
968,19,2023-08-28
608,20,2023-12-11
658,36,2023-09-08
16,8,2023-06-04
156,24,2022-12-15
807,8,2022-03-29
303,40,2022-03-25
209,14,2022-11-29
429,2,2022-03-21
77,23,2022-12-24
453,1,2023-10-06
978,28,2023-02-18
21,44,2022-03-09
215,16,2022-10-21
285,43,2022-03-17
864,14,2023-12-25
745,7,2023-07-22
213,38,2022-01-25
939,15,2024-01-22
792,42,2022-12-16
397,14,2022-05-24
543,19,2023-07-26
646,23,2023-01-08
799,49,2022-09-09
971,17,2022-07-20
867,18,2023-07-07
129,40,2022-04-04
820,34,2022-11-14
876,48,2023-09-02
969,20,2022-09-01
216,42,2023-05-13
266,50,2022-01-07
642,17,2022-05-20
409,45,2022-09-28
972,38,2023-09-03
21,31,2023-09-27
534,41,2022-12-21
117,13,2023-04-17
379,1,2023-12-31
352,28,2022-04-03
630,12,2023-05-14
725,38,2024-02-01
931,50,2024-01-28
552,37,2022-12-10
183,10,2023-10-03
104,31,2022-02-25
63,17,2023-06-08
743,27,2022-10-21
274,9,2022-01-30
530,15,2022-08-18
927,18,2022-09-20
65,2,2024-01-05
986,16,2022-06-06
35,29,2023-09-10
851,21,2023-05-15
37,36,2023-12-10
487,37,2023-09-22
57,38,2023-01-05
484,11,2022-08-04
715,17,2023-03-23
154,38,2023-01-17
205,17,2022-06-05
981,23,2022-01-05
310,30,2022-12-18
625,1,2023-06-04
839,15,2022-03-14
581,37,2023-11-09
262,25,2022-01-30
464,38,2022-10-21
733,39,2023-12-21
504,42,2022-09-10
572,43,2022-03-03
994,10,2022-07-26
194,8,2024-01-17
837,27,2022-04-10
690,34,2023-02-25
395,35,2022-10-17
177,31,2023-09-11
878,44,2023-06-23
348,41,2022-07-29
867,6,2022-03-13
437,25,2023-04-30
110,30,2023-02-09
419,6,2023-01-13
757,10,2023-12-04
227,42,2022-05-20
886,37,2023-08-09
47,10,2023-04-24
473,22,2022-02-07
444,13,2023-07-16
783,26,2024-02-21
335,13,2023-07-27
425,25,2023-09-15
512,35,2023-03-21
187,32,2022-03-10
547,37,2023-04-18
781,4,2022-09-01
497,2,2022-11-13
535,46,2022-01-15
913,3,2022-11-05
612,29,2023-06-26
557,45,2024-02-24
19,7,2022-04-27
747,38,2022-08-30
59,40,2023-08-28
113,33,2024-02-04
458,37,2022-04-17
790,13,2023-06-10
947,30,2023-11-18
915,35,2023-12-28
223,23,2023-02-20
822,36,2022-07-27
278,24,2023-05-10
48,10,2022-04-29
738,35,2023-03-25
275,39,2024-01-02
899,37,2023-03-16
605,50,2023-05-25
635,4,2023-02-03
572,45,2022-11-02
934,25,2023-03-06
403,46,2022-05-13
946,30,2022-01-31
533,35,2022-05-28
901,25,2023-09-05
455,24,2023-01-24
314,37,2022-09-16
806,27,2023-09-11
521,21,2023-07-10
167,47,2022-10-07
700,39,2022-01-18
210,15,2023-09-02
523,19,2023-11-05
347,9,2023-06-18
809,22,2023-08-29
464,12,2022-04-03
679,4,2023-07-31
469,5,2022-03-05
90,35,2022-06-15
759,48,2023-12-03
565,6,2022-07-31
237,49,2023-06-01
671,14,2022-04-03
88,7,2023-10-20
517,29,2023-03-13
908,30,2023-09-07
879,8,2023-09-01
288,12,2023-07-16
255,37,2023-06-15
626,1,2023-12-08
537,11,2022-06-28
687,40,2022-06-01
159,11,2022-03-06
233,5,2022-01-18
341,37,2023-08-17
65,6,2022-05-11
396,32,2023-08-18
116,13,2022-08-22
287,6,2023-03-19
217,10,2022-11-11
428,1,2023-07-03
204,46,2022-01-02
835,18,2022-01-27
890,10,2023-03-27
556,37,2022-07-16
90,13,2022-06-28
854,6,2022-07-31
293,45,2023-07-31
295,39,2023-02-25
950,21,2022-07-02
370,14,2023-10-07
333,38,2023-10-19
282,13,2022-12-09
202,32,2023-07-12
857,32,2022-07-26
681,13,2023-01-01
157,8,2022-09-23
363,28,2023-06-24
335,44,2022-01-06
499,16,2023-08-15
644,5,2022-06-03
313,12,2023-06-22
408,19,2022-08-24
751,36,2023-05-16
119,39,2022-11-27
77,47,2022-06-10
960,30,2023-09-28
119,20,2022-08-16
917,13,2023-06-25
819,17,2024-01-17
303,9,2022-02-26
862,46,2024-02-18
724,15,2022-07-22
339,35,2023-09-02
566,45,2023-12-10
62,23,2022-12-23
29,27,2024-01-25
936,44,2023-02-01
511,22,2023-09-27
57,47,2023-03-14
495,3,2022-10-14
934,46,2023-10-30
961,26,2023-07-26
304,36,2022-11-29
803,42,2023-02-18
22,24,2023-12-01
445,19,2023-12-16
839,27,2023-12-23
112,18,2022-10-29
942,2,2023-09-06
188,12,2022-02-13
980,45,2023-05-12
969,15,2022-11-17
888,3,2024-01-20
623,21,2022-05-23
131,26,2022-11-15
239,33,2022-12-09
746,2,2023-11-05
147,13,2022-10-14
549,8,2023-08-17
946,42,2022-02-15
915,2,2022-04-08
884,14,2022-09-03
309,7,2023-10-08
992,10,2023-09-01
485,49,2022-07-17
251,32,2022-03-12
460,10,2022-02-05
307,50,2023-04-16
90,25,2023-10-17
724,5,2023-08-07
419,17,2022-11-27
882,26,2022-04-16
747,35,2023-03-06
976,36,2022-02-11
249,15,2023-08-28
826,8,2023-01-15
671,23,2023-06-07
57,14,2023-05-14
217,17,2022-06-04
934,4,2023-05-09
177,7,2023-11-06
582,31,2022-07-06
842,8,2023-08-22
472,13,2022-03-09
11,29,2022-06-05
188,41,2024-01-06
599,33,2022-07-30
455,23,2024-02-22
113,2,2022-06-21
755,4,2023-03-14
471,20,2023-01-15
997,30,2023-11-06
166,46,2022-10-28
290,44,2023-03-06
104,32,2022-01-08
744,33,2022-08-31
193,23,2022-05-13
647,33,2022-12-14
517,45,2023-03-04
323,9,2023-04-23
328,23,2022-02-20
499,19,2023-09-05
82,17,2023-08-21
2,24,2023-08-07
283,48,2022-04-10
542,48,2024-01-09
330,15,2023-10-19
303,15,2023-09-02
555,29,2022-12-14
725,46,2023-05-31
728,1,2022-10-30
992,25,2022-01-26
158,2,2023-06-04
628,8,2022-06-07
985,3,2022-02-09
939,35,2023-04-17
968,6,2024-01-30
826,24,2022-10-19
873,31,2022-04-28
111,28,2022-12-06
855,29,2023-10-13
240,24,2022-07-21
157,7,2023-09-23
995,33,2023-08-15
496,26,2022-02-05
802,7,2023-08-06
689,39,2024-02-26
764,18,2023-04-20
177,35,2023-02-11
461,37,2023-07-24
605,24,2022-04-17
906,2,2023-03-26
514,34,2022-10-15
113,44,2022-03-15
722,22,2022-07-03
918,6,2022-11-07
271,49,2023-12-10
288,29,2022-01-25
198,25,2022-04-12
925,26,2024-02-21
888,48,2023-07-29
739,7,2022-01-13
273,27,2023-02-26
277,3,2022-05-09
651,8,2022-09-03
152,4,2023-06-03
635,12,2023-08-10
690,36,2022-06-20
235,43,2023-05-24
30,46,2022-12-01
483,26,2023-07-05
573,25,2023-09-11
299,28,2022-03-13
209,23,2022-09-18
294,33,2022-06-27
233,16,2022-08-05
307,41,2023-02-05
130,41,2023-08-19
269,3,2022-07-14
118,21,2023-04-03
860,48,2023-04-08
502,23,2023-12-12
453,9,2022-02-16
183,39,2023-07-31
148,45,2022-11-06
525,44,2024-01-14
352,24,2024-01-11
827,39,2023-12-07
958,32,2024-02-15
432,12,2022-01-27
284,32,2022-06-22
217,19,2022-12-04
673,27,2022-04-21
743,31,2022-07-09
79,16,2022-11-04
40,6,2022-04-27
734,7,2024-02-20
254,50,2022-07-18
619,16,2022-02-18
98,9,2024-01-08
364,28,2023-07-23
598,27,2023-11-26
252,11,2022-08-01
978,36,2022-07-11
419,50,2023-04-14
288,3,2024-02-27
627,19,2023-02-22
286,29,2022-07-06
748,25,2022-01-03
142,33,2022-08-09
471,49,2023-11-22
999,11,2023-04-13
997,37,2022-03-08
886,42,2022-05-29
318,34,2022-09-28
926,30,2023-11-04
651,21,2022-12-28
81,34,2022-01-13
228,9,2024-02-25
220,45,2023-07-07
314,40,2023-09-19
866,45,2023-10-10
904,3,2022-03-22
778,10,2023-11-16
284,18,2023-06-29
235,33,2023-12-17
692,16,2024-01-12
660,5,2022-11-20
107,25,2023-03-27
791,15,2022-03-02
621,13,2022-04-27
304,8,2023-08-19
107,18,2023-09-09
465,48,2024-01-07
104,39,2023-07-09
660,36,2023-07-29
375,33,2023-06-19
252,40,2022-06-10
666,18,2023-12-12
3,27,2022-02-24
91,33,2023-03-19
180,26,2023-06-21
15,21,2023-09-02
835,16,2023-04-30
681,22,2022-11-17
75,25,2022-11-07
981,2,2022-05-07
140,35,2024-02-15
730,34,2022-08-14
426,40,2022-04-12
328,5,2024-02-14
679,26,2023-05-03
235,23,2022-08-04
542,32,2023-10-05
121,27,2022-11-01
191,20,2022-08-11
161,44,2023-07-20
646,13,2023-09-30
851,24,2023-10-30
406,35,2022-02-19
736,50,2022-08-20
743,10,2022-09-03
360,29,2023-11-24
241,2,2023-03-21
983,20,2023-02-21
478,6,2023-03-25
485,16,2023-01-10
257,22,2023-09-06
872,39,2023-11-19
868,7,2023-02-09
732,23,2022-08-27
333,28,2022-08-13
655,30,2022-06-30
967,16,2022-12-30
159,46,2023-08-19
56,49,2022-10-11
16,33,2023-12-16
502,41,2024-02-18
890,27,2022-12-28
597,21,2023-09-06
732,36,2022-11-25
705,1,2023-07-23
677,49,2022-12-23
317,32,2022-10-29
764,48,2023-03-08
16,42,2023-04-22
68,42,2022-01-15
942,11,2022-10-21
989,28,2023-01-30
568,11,2023-01-01
157,40,2022-03-10
206,33,2023-07-10
525,49,2023-12-30
42,3,2023-11-22
974,19,2022-04-15
276,39,2022-12-13
49,9,2022-04-15
407,34,2023-05-12
109,1,2023-07-23
706,5,2022-10-27
457,5,2023-11-13
657,39,2022-01-01
740,33,2023-10-21
437,30,2022-08-27
409,22,2022-09-13
776,5,2024-02-29
331,48,2024-02-10
48,11,2024-01-16
694,45,2023-07-01
447,45,2023-07-19
725,33,2022-09-04
853,29,2023-08-08
367,43,2022-07-30
229,47,2023-05-09
144,28,2022-04-27
792,30,2023-11-02
710,2,2022-10-27
240,26,2022-08-29
138,44,2024-02-12
491,30,2022-03-28
922,18,2023-09-28
370,2,2023-03-20
220,13,2023-09-19
1000,21,2022-10-21
722,10,2022-08-12
372,28,2022-02-09
895,23,2023-06-29
679,4,2022-07-31
654,13,2023-08-15
973,10,2022-01-07
617,48,2023-08-11
226,25,2022-07-27
423,30,2023-04-28
754,45,2022-09-05
56,38,2023-02-05
366,22,2022-07-15
689,43,2022-11-29
949,49,2022-06-08
780,17,2022-12-22
142,29,2022-10-12
498,39,2023-06-28
493,3,2022-12-02
396,36,2023-06-22
10,29,2022-09-18
162,34,2023-03-07
77,35,2023-05-01
749,39,2023-04-18
768,8,2023-07-27
181,31,2022-01-03
275,21,2024-02-04
910,4,2022-12-18
898,29,2022-05-13
239,42,2023-12-10
767,24,2023-08-20
60,13,2022-11-18
330,48,2023-02-16
42,7,2022-04-11
228,43,2022-06-26
759,20,2022-03-18
452,38,2022-10-14
139,32,2022-09-09
744,5,2022-03-05
765,25,2022-03-02
939,8,2022-08-24
497,42,2023-01-20
835,48,2022-11-19
557,30,2022-04-16
984,34,2023-09-28
874,5,2022-06-03
114,19,2022-08-16
277,7,2022-03-24
794,42,2023-08-08
242,13,2023-02-08
658,36,2022-02-04
710,39,2023-07-21
547,33,2022-01-22
536,25,2024-02-08
692,19,2023-01-10
272,6,2024-01-10
567,37,2022-09-16
906,4,2022-07-28
290,17,2022-02-15
325,48,2022-03-05
669,6,2022-03-29
780,9,2023-04-18
504,42,2022-12-16
588,27,2022-07-26
808,5,2022-12-07
92,22,2022-10-15
550,38,2022-11-17
680,12,2022-01-02
401,5,2022-08-04
331,33,2023-07-07
703,16,2022-03-09
560,25,2023-12-13
368,23,2022-07-04
252,40,2023-12-11
791,43,2022-06-03
216,47,2023-03-09
831,16,2022-05-12
693,6,2022-09-11
101,20,2023-04-25
335,2,2022-03-20
730,39,2023-10-19
914,17,2022-10-09
757,5,2022-08-20
302,35,2022-06-15
353,27,2023-12-08
866,23,2023-03-08
845,16,2022-09-14
534,19,2023-02-01
59,15,2023-05-15
350,13,2023-12-19
128,33,2023-01-16
672,12,2022-09-21
52,13,2023-10-30
388,2,2022-07-25
943,3,2023-03-14
834,3,2022-05-05
304,26,2022-03-29
512,19,2022-02-26
578,25,2022-09-30
625,40,2024-01-13
762,21,2023-12-08
439,12,2023-05-13
912,29,2022-10-06
460,45,2023-04-29
282,29,2023-09-08
789,10,2024-02-08
968,26,2022-01-20
754,25,2023-08-17
692,5,2022-01-05
803,10,2024-01-17
744,17,2023-03-28
421,44,2023-02-03
332,25,2023-04-14
251,47,2022-12-20
834,45,2023-06-25
212,17,2023-01-19
537,19,2023-10-08
779,40,2023-12-18
857,29,2022-01-02
284,43,2022-07-22
913,45,2024-02-13
573,47,2022-07-16
952,37,2022-01-28
289,38,2022-02-11
454,1,2023-02-24
68,39,2023-06-29
598,6,2022-03-19
900,19,2022-08-07
763,34,2023-05-09
324,2,2023-08-08
515,9,2023-10-25
283,49,2023-12-29
177,18,2023-03-23
160,44,2023-01-28
709,50,2023-03-01
443,21,2023-08-18
477,1,2022-12-21
415,40,2022-07-02
839,15,2022-11-28
955,27,2022-01-29
977,50,2023-04-26
28,32,2022-02-21
891,28,2022-09-15
438,33,2023-06-17
538,34,2022-02-13
783,45,2022-02-07
592,45,2023-09-15
982,6,2022-06-29
190,15,2023-05-17
695,1,2022-01-23
250,6,2022-03-10
514,13,2022-11-03
211,17,2024-01-03
190,43,2023-05-02
37,47,2023-05-29
435,31,2024-02-10
512,11,2023-04-16
643,9,2022-08-17
901,34,2023-08-19
967,46,2023-03-03
237,17,2022-01-02
96,40,2024-02-15
766,27,2022-02-14
964,20,2023-02-27
326,3,2023-10-20
472,14,2022-10-14
542,48,2022-02-28
107,25,2022-03-21
187,14,2023-11-13
332,14,2023-10-06
401,30,2022-09-08
424,1,2023-08-18
139,19,2023-02-19
15,37,2022-03-28
439,10,2022-02-28
976,14,2022-05-30
565,13,2023-12-19
832,28,2023-12-04
278,25,2023-03-22
973,47,2022-12-28
350,48,2022-04-28
564,38,2022-09-12
47,15,2022-12-17
28,19,2023-12-26
380,11,2023-07-26
708,46,2022-05-05
270,30,2023-04-14
136,27,2023-02-21
185,42,2022-07-15
335,27,2023-05-11
857,49,2022-11-30
543,38,2022-07-12
622,18,2023-01-02
625,26,2023-12-03
514,1,2022-12-08
100,48,2023-11-21
663,10,2022-10-12
16,12,2023-11-24
487,4,2023-10-14
291,44,2022-12-17
119,41,2022-11-20
219,18,2022-01-26
265,23,2023-04-16
456,45,2022-01-12
30,8,2023-05-15
406,26,2022-10-13
362,1,2022-11-25
373,24,2023-07-01
483,4,2022-06-20
138,50,2023-10-25
93,5,2022-12-26
143,23,2022-06-23
145,41,2023-11-25
442,21,2022-11-08
980,39,2023-09-06
406,27,2023-06-16
576,20,2024-02-06
56,25,2023-07-17
469,28,2022-05-31
918,5,2022-03-14
405,34,2022-10-24
945,34,2022-05-19
799,46,2023-02-24
296,31,2022-03-18
284,9,2023-05-16
382,32,2023-04-01
833,30,2022-05-04
698,16,2023-07-16
799,28,2023-06-17
773,46,2022-10-07
150,32,2024-01-09
881,45,2023-08-15
300,12,2023-05-12
938,43,2023-08-02
817,2,2022-07-02
285,47,2022-07-05
141,7,2023-01-19
347,15,2023-06-12
183,15,2023-04-18
365,15,2022-11-07
88,46,2023-07-04
617,42,2022-01-12
884,41,2024-01-15
133,26,2023-11-02
590,32,2023-06-03
384,34,2023-03-09
194,34,2022-04-08
784,23,2022-02-28
690,45,2023-02-28
890,8,2023-03-21
412,9,2024-02-16
962,47,2023-10-29
250,43,2023-08-28
504,31,2023-08-21
852,36,2023-03-16
829,33,2023-07-05
106,6,2023-07-11
231,21,2023-02-28
919,22,2023-07-08
639,4,2023-12-15
163,28,2022-09-28
303,20,2022-08-28
960,12,2022-08-25
255,5,2023-06-03
65,6,2022-10-08
11,6,2024-01-11
76,40,2022-09-01
979,29,2023-12-07
143,42,2023-03-23
886,47,2024-01-06
898,16,2022-03-04
732,26,2023-06-01
444,22,2023-02-27
1000,46,2023-08-18
355,33,2022-06-08
168,49,2022-10-28
651,32,2023-10-24
468,19,2024-01-14
138,50,2023-10-05
445,21,2024-02-20
857,48,2023-06-09
444,45,2022-02-07
393,35,2023-12-06
643,46,2023-08-26
121,43,2023-07-17
996,27,2022-02-27
161,36,2022-09-23
603,7,2023-06-29
604,29,2022-09-11
603,13,2023-04-15
665,36,2022-01-14
546,3,2022-03-30
233,25,2023-01-07
182,31,2022-03-17
783,47,2022-03-11
812,47,2024-01-22
153,37,2022-03-03
691,8,2022-05-19
865,14,2023-02-17
625,7,2023-08-09
749,8,2023-05-23
788,25,2023-08-30
559,8,2023-11-01
66,5,2022-01-16
311,4,2023-05-18
566,8,2023-12-28
454,27,2023-10-15
170,40,2022-09-23
417,36,2022-04-19
997,13,2023-05-11
208,11,2022-08-23
947,42,2023-07-28
185,49,2023-08-28
73,32,2024-01-22
183,40,2023-04-25
628,48,2023-03-08
957,17,2022-11-08
686,45,2022-12-29
745,33,2023-12-10
878,46,2024-01-29
363,22,2023-01-01
603,14,2022-05-27
473,4,2023-05-30
279,9,2022-09-11
958,41,2023-02-02
549,2,2023-04-19
205,50,2024-02-14
604,27,2022-09-12
587,23,2024-01-25
52,46,2023-10-22
370,10,2023-12-30
632,12,2023-06-11
420,29,2022-07-27
499,11,2023-02-24
306,27,2023-05-03
122,3,2022-10-20
23,12,2023-12-07
196,37,2022-03-20
287,21,2022-07-05
620,31,2023-08-07
695,34,2023-02-09
193,41,2022-01-07
759,22,2023-03-30
745,27,2022-01-25
92,50,2022-03-18
207,44,2023-08-12
108,47,2023-07-18
774,33,2023-03-12
546,14,2023-07-27
818,2,2023-08-09
309,36,2022-01-29
675,41,2023-03-29
147,15,2023-12-24
149,50,2022-08-31
991,18,2022-05-30
586,31,2022-08-01
843,38,2022-11-05
332,40,2022-10-05
424,14,2023-08-10
249,34,2024-02-27
684,1,2022-02-01
471,16,2023-11-05
213,32,2022-12-27
654,6,2023-04-15
882,44,2022-12-13
702,40,2023-03-26
773,30,2022-09-22
594,14,2023-11-03
881,44,2023-03-04
227,47,2023-03-28
375,15,2022-02-08
334,47,2023-11-03
760,2,2023-08-08
894,4,2023-02-01
349,22,2022-11-13
379,41,2022-05-01
478,42,2022-01-05
87,37,2022-08-21
738,33,2024-01-14
775,17,2023-06-18
754,47,2023-06-24
634,3,2023-12-13
388,4,2022-01-01
589,23,2023-08-13
338,22,2023-05-29
372,21,2023-02-05
899,3,2023-10-30
2,30,2022-09-25
712,39,2022-01-24
844,11,2022-05-18
527,14,2023-07-03
165,45,2022-05-12
431,36,2022-03-13
3,13,2022-09-30
67,38,2022-06-07
594,12,2022-09-16
697,2,2022-01-30
306,23,2024-01-17
617,1,2023-05-02
767,40,2022-06-02
864,41,2022-11-15
35,3,2022-05-03
135,18,2022-06-30
914,43,2023-04-12
596,30,2022-12-23
753,23,2022-04-11
572,47,2022-04-07
894,46,2022-12-04
246,42,2022-02-15
314,24,2024-01-17
893,4,2023-12-11
929,45,2022-10-18
329,27,2023-07-25
32,12,2023-01-13
391,31,2023-05-24
84,39,2022-07-07
940,46,2022-08-02
530,15,2023-05-27
703,37,2023-08-06
954,15,2023-03-24
294,20,2023-05-30
21,34,2023-08-06
420,42,2023-04-26
640,30,2023-11-03
809,10,2024-02-11
103,27,2022-04-23
885,13,2022-02-19
465,33,2022-06-06
826,37,2022-09-29
136,32,2022-11-26
783,29,2022-07-30
114,9,2023-02-15
616,41,2022-09-28
523,50,2022-11-21
740,43,2022-03-06
741,18,2023-10-24
674,26,2023-04-26
982,10,2022-12-20
559,48,2023-09-27
120,34,2023-10-23
207,45,2023-02-27
530,30,2023-05-21
554,1,2022-07-10
558,45,2023-05-13
493,37,2022-12-16
632,30,2022-04-10
871,40,2023-04-05
710,13,2022-01-27
254,1,2023-01-09
668,7,2023-08-06
681,19,2022-07-23
423,19,2023-12-09
646,39,2022-04-10
778,40,2022-10-25
526,48,2022-10-29
803,21,2022-02-27
350,32,2022-05-31
8,22,2022-01-13
558,34,2023-10-09
27,27,2022-04-07
901,26,2022-09-20
700,22,2022-06-27
935,24,2022-09-21
66,26,2024-02-24
15,28,2022-02-06
53,37,2023-01-01
907,49,2022-06-20
870,24,2023-03-25
291,14,2023-09-16
171,9,2023-07-15
567,43,2022-03-03
144,42,2023-06-10
3,15,2022-08-31
84,15,2023-11-14
217,37,2022-10-25
206,37,2022-01-22
846,49,2022-03-12
288,3,2023-11-02
422,10,2023-07-21
487,17,2023-06-02
618,9,2023-07-03
243,36,2022-03-25
49,43,2024-02-03
33,5,2023-09-22
372,22,2022-12-01
675,1,2024-01-27
592,10,2023-08-12
289,8,2023-11-27
479,43,2023-06-24
909,22,2022-02-11
827,42,2023-09-10
254,27,2022-12-05
23,38,2023-08-26
991,41,2023-08-01
741,34,2023-05-09
102,6,2022-06-01
602,4,2022-06-23
609,20,2023-06-08
612,20,2022-12-21
587,47,2023-09-19
985,3,2022-04-17
921,14,2022-11-17
443,49,2023-01-01
703,10,2022-05-02
290,36,2022-12-19
877,17,2022-11-02
326,38,2024-01-05
3,49,2023-01-10
998,22,2023-08-01
996,11,2022-07-25
222,39,2022-11-08
415,13,2023-09-07
987,33,2023-02-24
288,28,2022-05-15
395,49,2022-03-08
221,6,2023-11-23
277,18,2022-09-05
612,26,2023-11-30
369,35,2023-08-13
889,25,2022-04-26
704,2,2022-02-02
395,23,2022-02-11
436,29,2022-07-23
577,16,2022-04-16
65,31,2023-04-25
857,25,2024-01-25
764,13,2022-05-06
382,25,2022-05-17
716,13,2022-12-25
442,8,2023-09-10
157,25,2024-02-08
39,48,2022-11-15
471,21,2022-02-16
691,2,2022-11-28
420,9,2022-12-01
190,25,2022-07-25
765,24,2022-08-06
36,11,2024-02-25
430,15,2022-01-18
712,9,2022-10-28
277,37,2022-08-29
894,18,2022-06-19
511,14,2024-02-06
956,31,2023-07-06
194,48,2022-06-08
905,18,2023-02-03
587,9,2022-02-04
199,5,2023-04-27
752,38,2023-04-03
32,37,2022-10-15
31,48,2022-01-05
712,43,2023-03-08
130,20,2023-08-29
64,41,2022-07-20
820,13,2023-03-07
80,28,2022-07-17
938,40,2023-08-15
256,27,2022-01-30
529,17,2023-09-10
179,45,2022-03-29
313,37,2023-09-13
450,18,2023-04-30
994,48,2022-10-30
409,44,2023-04-20
850,23,2022-11-28
970,10,2023-11-19
237,32,2022-09-25
927,12,2023-01-30
958,22,2023-05-29
245,21,2022-03-14
903,39,2023-01-31
564,14,2023-10-12
370,43,2023-06-07
181,1,2023-03-20
697,4,2022-05-30
631,2,2023-05-03
154,8,2022-03-02
5,3,2022-07-15
136,17,2023-12-24
823,11,2022-04-16
281,32,2023-03-25
346,4,2022-12-25
29,13,2023-04-18
800,31,2022-05-09
118,37,2022-05-08
215,43,2024-02-10
221,20,2022-03-26
805,8,2022-06-28
427,9,2023-03-07
237,40,2023-03-09
784,36,2022-09-27
935,48,2022-07-25
807,29,2023-10-12
838,30,2023-10-18
108,19,2022-12-22
351,8,2023-12-06
52,16,2023-12-21
544,15,2023-05-29
66,16,2023-05-09
101,14,2022-04-03
790,22,2023-04-05
169,13,2023-11-23
854,16,2022-06-16
672,42,2023-10-08
953,4,2022-05-24
117,7,2023-11-26
1,44,2022-10-26
419,25,2023-12-29
449,31,2024-02-02
553,39,2023-04-30
375,42,2023-09-17
632,38,2023-02-06
491,22,2023-09-08
