review_id,user_id,course_id,rating,review_date
1,216,48,5,2023-04-17
2,274,30,5,2023-07-28
3,955,34,5,2023-05-09
4,840,20,5,2023-07-30
5,891,25,5,2023-11-14
6,353,16,5,2023-06-21
7,810,26,2,2022-04-24
8,179,3,5,2024-02-26
9,199,27,5,2024-01-14
10,247,15,2,2022-04-08
11,844,16,5,2022-09-14
12,308,27,4,2023-03-31
13,512,2,4,2023-02-27
14,775,37,4,2023-07-18
15,416,29,5,2023-06-13
16,982,6,1,2023-03-30
17,757,25,1,2023-11-20
18,361,21,5,2023-12-15
19,300,7,4,2023-11-13
20,334,37,2,2023-10-02
21,683,3,4,2023-01-08
22,176,49,1,2022-05-24
23,808,17,5,2023-01-13
24,668,48,5,2022-06-08
25,488,40,5,2022-06-12
26,725,26,4,2023-08-18
27,751,34,2,2023-10-10
28,96,37,1,2023-06-27
29,113,41,1,2023-06-14
30,67,22,3,2022-02-23
31,190,29,5,2023-11-17
32,701,17,4,2022-10-18
33,202,22,2,2023-08-25
34,160,19,3,2022-10-01
35,45,43,4,2022-02-28
36,154,39,4,2022-07-19
37,600,28,3,2022-05-12
38,697,39,4,2022-07-06
39,97,10,3,2023-06-08
40,510,23,3,2023-10-29
41,224,48,5,2022-02-10
42,552,4,4,2022-07-25
43,567,8,2,2023-01-15
44,531,26,4,2023-07-09
45,121,46,4,2022-02-13
46,621,33,2,2022-11-20
47,331,43,3,2023-06-14
48,814,20,4,2023-10-03
49,51,50,4,2022-02-04
50,422,38,5,2022-01-27
51,590,21,4,2023-12-29
52,242,33,3,2023-05-12
53,967,26,5,2023-06-26
54,264,40,1,2024-01-17
55,204,44,4,2023-12-10
56,449,33,4,2022-06-16
57,796,4,3,2023-09-16
58,819,43,4,2023-02-04
59,781,41,4,2023-06-06
60,971,4,4,2023-07-19
61,235,44,5,2022-11-18
62,729,42,5,2023-11-02
63,650,3,4,2022-09-18
64,596,17,2,2023-07-11
65,573,20,3,2023-02-20
66,369,36,5,2023-09-16
67,869,20,1,2023-06-03
68,483,25,4,2023-06-24
69,839,27,5,2023-09-26
70,956,5,4,2022-01-13
71,638,23,2,2023-08-02
72,301,42,4,2023-07-05
73,411,33,1,2023-09-09
74,215,26,3,2023-12-12
75,309,34,5,2024-02-22
76,526,24,4,2023-10-23
77,204,1,3,2022-10-20
78,831,31,5,2022-02-10
79,410,1,5,2023-10-07
80,809,16,2,2024-01-02
81,734,19,5,2022-11-28
82,721,40,5,2024-01-02
83,746,5,2,2023-06-04
84,566,7,4,2023-12-01
85,306,38,5,2022-08-30
86,834,40,5,2023-08-22
87,432,41,1,2023-03-02
88,149,11,2,2023-10-29
89,497,4,4,2022-01-11
90,951,29,1,2023-08-26
91,96,14,5,2023-09-05
92,555,16,4,2022-12-26
93,408,6,4,2022-05-29
94,34,34,5,2022-08-27
95,357,45,4,2022-12-25
96,65,19,4,2024-02-07
97,370,32,5,2023-06-21
98,341,3,5,2022-02-05
99,937,49,3,2022-06-17
100,47,48,4,2024-01-02
101,543,24,5,2023-10-23
102,513,24,5,2024-01-21
103,27,49,5,2022-10-11
104,705,13,4,2022-08-23
105,268,46,4,2022-07-02
106,241,12,3,2023-08-22
107,425,19,2,2022-04-06
108,772,44,4,2022-01-16
109,819,49,5,2022-03-03
110,642,19,1,2023-03-23
111,204,5,2,2022-10-24
112,539,19,3,2024-02-07
113,19,32,4,2024-01-23
114,91,27,3,2023-06-27
115,651,21,4,2024-01-27
116,401,3,1,2024-01-10
117,851,46,5,2023-10-22
118,327,25,5,2022-03-08
119,595,47,5,2022-05-25
120,954,46,5,2023-10-09
121,421,13,3,2022-09-15
122,122,13,3,2022-09-17
123,296,2,5,2022-11-15
124,542,15,3,2023-08-03
125,22,16,4,2022-11-11
126,246,24,3,2022-09-30
127,655,27,3,2023-12-21
128,410,7,4,2022-11-30
129,689,50,5,2023-12-26
130,139,27,4,2023-03-07
131,850,18,4,2023-10-20
132,611,16,4,2022-06-17
133,587,8,4,2023-11-18
134,988,1,3,2023-11-19
135,74,26,1,2022-03-06
136,412,15,3,2023-05-24
137,329,2,4,2023-04-14
138,498,8,3,2023-07-13
139,898,17,4,2023-09-11
140,497,22,2,2022-01-12
141,552,12,3,2022-06-01
142,98,31,3,2023-09-03
143,162,1,2,2024-01-10
144,534,43,4,2022-12-02
145,154,10,1,2022-05-17
146,899,10,2,2024-02-05
147,984,6,1,2023-09-02
148,888,16,5,2022-08-20
149,13,9,4,2022-04-15
150,977,21,2,2022-12-09
151,769,8,4,2023-09-24
152,84,2,1,2023-09-26
153,596,43,5,2023-12-28
154,307,6,4,2024-01-04
155,859,3,4,2022-07-06
156,262,41,3,2023-02-27
157,235,3,5,2022-04-21
158,2,8,5,2022-11-10
159,658,11,4,2023-11-06
160,400,3,1,2022-09-02
161,1000,18,4,2022-06-30
162,225,25,3,2023-12-31
163,105,11,3,2023-12-27
164,251,43,5,2022-04-21
165,148,39,3,2024-01-20
166,854,33,5,2023-10-29
167,665,11,3,2022-04-30
168,656,16,5,2023-11-26
169,291,5,4,2022-08-26
170,776,34,5,2023-11-03
171,534,49,4,2022-10-20
172,388,50,1,2024-02-01
173,905,48,5,2023-11-03
174,537,12,4,2023-03-03
175,919,13,3,2023-03-15
176,631,10,5,2022-04-03
177,390,35,3,2023-03-20
178,59,21,2,2023-10-12
179,234,37,5,2023-12-18
180,106,42,4,2022-03-11
181,687,21,5,2024-01-17
182,246,48,4,2023-12-01
183,212,12,3,2023-02-16
184,832,46,5,2022-12-16
185,645,8,5,2023-09-27
186,494,46,4,2022-08-23
187,797,30,5,2023-04-12
188,84,35,3,2023-04-26
189,492,5,3,2022-12-07
190,863,38,4,2023-10-03
191,188,18,5,2022-05-23
192,344,36,3,2023-07-02
193,858,16,5,2023-01-22
194,690,15,3,2022-11-10
195,811,33,3,2023-03-24
196,103,38,5,2023-03-27
197,780,45,2,2022-12-15
198,23,30,4,2023-07-02
199,468,39,3,2022-09-20
200,787,11,3,2022-01-24
201,205,16,3,2023-08-05
202,899,45,4,2023-06-05
203,645,17,3,2022-07-29
204,214,24,4,2022-06-23
205,717,18,3,2023-03-29
206,96,20,5,2023-04-12
207,337,21,3,2023-08-05
208,890,35,4,2022-06-28
209,801,26,4,2022-10-13
210,61,39,4,2022-06-04
211,169,29,4,2022-09-25
212,225,48,1,2023-04-02
213,573,20,4,2024-02-04
214,208,10,5,2023-10-03
215,986,47,1,2022-08-15
216,42,47,3,2022-08-02
217,939,43,3,2023-08-07
218,782,19,3,2022-12-28
219,821,46,3,2023-09-28
220,144,47,5,2022-01-12
221,834,12,4,2023-04-22
222,88,25,2,2022-12-30
223,666,32,3,2024-01-05
224,238,12,3,2023-06-08
225,211,4,3,2023-10-30
226,491,23,5,2022-10-18
227,569,23,5,2022-10-26
228,634,12,5,2023-05-12
229,113,3,4,2022-11-04
230,24,5,5,2024-02-08
231,852,9,4,2022-03-16
232,167,20,4,2024-02-25
233,78,46,2,2022-07-27
234,146,39,4,2022-05-17
235,926,25,4,2024-02-09
236,943,5,5,2024-01-22
237,882,42,5,2022-10-23
238,258,17,5,2023-09-05
239,851,47,5,2024-02-28
240,687,45,5,2022-11-01
241,459,29,4,2022-04-11
242,585,29,5,2023-10-29
243,60,37,3,2022-09-20
244,529,20,5,2024-02-25
245,126,43,5,2023-04-15
246,413,21,1,2022-04-28
247,119,10,1,2023-05-18
248,904,32,4,2023-08-24
249,540,9,4,2022-03-29
250,804,14,3,2023-11-19
251,330,19,5,2023-04-27
252,388,24,3,2023-04-13
253,612,12,4,2024-01-13
254,388,31,3,2024-01-07
255,801,8,4,2023-08-25
256,991,20,3,2023-01-09
257,716,2,4,2023-08-27
258,1000,14,5,2023-08-06
259,90,32,5,2024-01-10
260,204,16,5,2023-09-02
261,197,4,4,2023-11-04
262,655,25,4,2023-02-21
263,914,24,3,2023-05-02
264,341,28,2,2023-12-02
265,520,18,2,2023-06-08
266,578,32,3,2022-05-13
267,217,16,1,2022-12-16
268,863,43,4,2023-10-03
269,503,20,4,2023-12-17
270,844,37,3,2023-01-15
271,737,10,4,2024-01-16
272,426,43,5,2022-10-31
273,374,46,5,2022-10-28
274,359,2,2,2023-06-11
275,519,6,4,2023-04-26
276,90,4,1,2023-12-27
277,764,21,4,2024-01-29
278,307,30,4,2022-05-01
279,463,18,4,2023-07-06
280,184,40,1,2023-07-14
281,491,45,4,2022-01-22
282,632,40,5,2022-03-15
283,484,12,4,2022-05-10
284,582,19,2,2023-02-06
285,613,13,5,2022-06-23
286,712,21,3,2023-09-06
287,343,45,3,2023-05-27
288,270,7,5,2023-11-22
289,747,33,5,2024-02-12
290,948,48,4,2023-03-29
291,121,1,5,2023-03-06
292,197,42,2,2022-11-23
293,34,1,4,2022-03-26
294,258,14,5,2023-04-23
295,306,48,5,2022-06-06
296,450,10,2,2022-01-03
297,825,9,5,2022-03-11
298,939,44,4,2022-09-13
299,687,22,4,2023-09-06
300,793,32,5,2023-04-10
301,984,47,4,2022-11-21
302,226,17,3,2024-02-18
303,354,11,3,2022-09-18
304,676,25,1,2022-05-06
305,112,33,5,2022-06-20
306,101,2,5,2022-03-17
307,39,47,4,2023-03-04
308,559,8,3,2023-11-15
309,751,13,1,2023-10-25
310,154,9,5,2023-12-14
311,951,39,5,2023-12-19
312,214,3,4,2022-10-18
313,734,33,5,2023-06-30
314,70,2,1,2024-01-14
315,579,20,4,2023-01-18
316,337,14,4,2022-03-02
317,677,22,4,2023-09-25
318,582,23,2,2023-09-25
319,962,23,1,2022-05-23
320,122,20,3,2022-06-21
321,667,14,4,2022-08-23
322,863,46,5,2023-01-07
323,979,25,2,2024-02-13
324,664,29,5,2022-03-27
325,856,33,4,2023-11-14
326,724,36,3,2024-01-08
327,348,17,3,2022-02-15
328,201,46,3,2023-01-03
329,127,11,4,2023-09-27
330,832,9,5,2023-06-21
331,54,42,1,2022-03-10
332,393,13,4,2022-01-17
333,946,28,5,2023-05-20
334,214,50,4,2023-07-07
335,176,31,4,2022-05-18
336,820,30,5,2022-10-09
337,770,14,4,2024-01-27
338,554,41,1,2023-06-26
339,806,25,5,2023-09-10
340,502,23,3,2023-02-06
341,337,33,4,2022-01-27
342,334,41,3,2022-09-14
343,980,49,4,2022-09-06
344,551,18,2,2023-12-21
345,229,36,4,2023-11-15
346,633,41,5,2022-06-22
347,528,39,5,2023-11-28
348,229,39,1,2022-12-24
349,75,17,2,2024-02-25
350,876,28,4,2022-11-05
351,231,1,2,2024-02-03
352,32,14,5,2022-02-15
353,677,28,4,2022-06-13
354,35,44,3,2022-10-30
355,186,20,3,2023-01-07
356,395,34,5,2023-03-28
357,906,35,3,2024-01-09
358,716,22,2,2022-01-18
359,241,27,3,2023-02-22
360,330,34,4,2024-01-13
361,255,42,3,2023-01-11
362,956,21,4,2024-01-06
363,88,37,4,2023-03-10
364,958,44,4,2023-03-22
365,32,21,2,2022-09-03
366,664,23,4,2023-09-09
367,637,34,2,2023-08-14
368,34,13,3,2023-12-20
369,247,6,4,2023-04-05
370,388,47,1,2023-10-09
371,965,21,4,2024-02-19
372,354,30,5,2023-10-08
373,165,12,5,2022-08-04
374,876,49,4,2023-12-08
375,266,6,4,2022-10-27
376,553,11,5,2022-01-14
377,389,23,4,2022-05-20
378,247,26,5,2023-07-24
379,796,2,5,2024-02-07
380,313,15,5,2024-01-20
381,430,44,2,2023-06-16
382,283,26,5,2022-04-20
383,765,29,5,2023-08-01
384,296,50,4,2022-11-26
385,649,3,2,2023-04-01
386,272,16,5,2023-06-17
387,385,9,3,2022-04-10
388,642,37,3,2022-09-29
389,434,36,2,2022-09-17
390,739,14,5,2022-09-12
391,762,16,1,2023-09-09
392,142,11,5,2023-02-28
393,578,15,1,2022-03-06
394,313,25,3,2022-07-03
395,727,49,2,2024-02-05
396,81,15,5,2024-01-04
397,178,41,5,2023-10-26
398,282,17,4,2022-04-09
399,860,6,5,2023-07-23
400,662,14,4,2023-02-24
401,381,22,4,2022-02-06
402,552,11,4,2023-03-05
403,918,6,4,2023-06-13
404,993,8,2,2022-09-10
405,95,23,4,2022-11-09
406,484,2,5,2023-07-06
407,593,42,5,2022-05-19
408,353,48,4,2022-11-10
409,144,11,5,2022-04-25
410,321,37,3,2022-04-13
411,356,7,2,2022-12-03
412,98,15,5,2022-08-12
413,895,13,5,2023-01-15
414,913,48,1,2023-09-24
415,559,9,2,2022-04-22
416,3,22,5,2022-01-10
417,809,24,5,2023-03-07
418,757,29,5,2023-01-29
419,830,15,2,2022-07-16
420,451,10,1,2023-12-27
421,825,50,1,2023-03-30
422,375,30,1,2022-07-13
423,156,35,5,2023-10-13
424,108,50,5,2023-10-21
425,200,1,5,2022-10-21
426,976,7,2,2022-04-03
427,424,12,4,2023-03-13
428,498,50,5,2022-04-28
429,966,10,1,2023-10-05
430,1,6,3,2022-06-10
431,376,18,5,2023-06-09
432,719,16,1,2023-07-30
433,460,40,5,2023-09-04
434,624,11,5,2022-08-21
435,803,49,4,2022-12-20
436,493,11,1,2022-07-08
437,341,5,3,2022-06-01
438,224,39,4,2022-01-15
439,949,43,4,2023-10-16
440,879,24,5,2023-06-27
441,891,7,3,2023-09-14
442,684,21,3,2023-12-29
443,595,36,4,2022-02-04
444,952,28,4,2024-02-10
445,71,21,5,2023-04-16
446,553,7,2,2022-11-21
447,560,41,4,2023-05-16
448,766,50,4,2023-04-12
449,853,7,1,2023-07-21
450,484,23,2,2022-04-24
451,508,48,3,2022-01-27
452,334,1,3,2022-04-25
453,315,8,4,2022-03-05
454,387,44,5,2024-02-14
455,574,4,5,2023-06-30
456,795,46,3,2024-01-25
457,445,28,4,2022-01-24
458,838,29,3,2022-01-13
459,875,21,4,2023-01-03
460,460,6,3,2022-12-21
461,824,40,4,2023-02-11
462,532,27,4,2022-06-03
463,914,31,3,2024-01-10
464,639,46,3,2022-02-03
465,423,44,4,2022-11-28
466,954,16,4,2022-11-02
467,167,14,5,2022-12-02
468,921,26,1,2022-04-12
469,621,23,4,2023-12-27
470,630,15,3,2024-02-27
471,309,30,4,2022-06-13
472,985,18,1,2022-04-16
473,543,18,5,2022-11-24
474,892,32,5,2022-05-24
475,525,13,4,2023-11-08
476,215,48,4,2022-09-13
477,869,47,2,2023-08-15
478,275,6,3,2023-07-24
479,240,27,5,2023-03-30
480,225,6,5,2024-02-15
481,65,46,1,2023-05-30
482,897,31,3,2023-11-20
483,721,30,5,2022-10-06
484,194,37,2,2022-02-06
485,341,48,3,2023-10-08
486,758,39,3,2022-12-15
487,469,29,4,2023-03-29
488,875,37,3,2024-01-22
489,708,5,5,2022-01-13
490,497,33,4,2023-12-29
491,720,25,1,2023-01-01
492,309,36,3,2024-02-19
493,679,28,5,2023-01-27
494,266,46,5,2022-08-21
495,265,44,4,2023-08-09
496,201,43,3,2022-03-31
497,397,46,1,2022-04-25
498,992,48,5,2023-06-12
499,372,44,5,2022-01-31
500,881,31,2,2022-01-17
501,479,32,3,2023-01-24
502,843,11,5,2023-03-23
503,781,41,1,2023-08-06
504,32,39,1,2022-09-01
505,329,27,5,2022-05-08
506,135,16,3,2024-01-20
507,902,21,2,2024-02-01
508,449,30,2,2023-11-12
509,874,40,1,2023-07-27
510,123,8,5,2023-11-27
511,912,33,4,2022-07-19
512,681,36,3,2022-05-11
513,736,45,3,2024-02-24
514,426,42,4,2022-11-24
515,238,17,5,2023-05-24
516,201,42,5,2022-01-04
517,394,50,5,2023-01-05
518,763,9,3,2022-11-14
519,598,41,3,2022-08-30
520,347,43,1,2022-03-24
521,780,31,5,2022-01-24
522,87,40,5,2023-09-25
523,625,42,4,2022-08-15
524,950,2,4,2022-03-19
525,794,30,3,2023-11-30
526,648,45,4,2022-01-28
527,474,7,3,2022-12-12
528,702,5,5,2022-05-24
529,604,24,4,2022-02-12
530,781,6,3,2023-08-09
531,477,27,5,2023-04-21
532,232,37,5,2023-02-19
533,75,45,3,2022-03-22
534,677,30,2,2022-06-18
535,308,31,4,2023-06-26
536,832,29,4,2022-10-14
537,289,26,4,2022-03-25
538,873,17,5,2024-01-16
539,456,47,5,2022-12-03
540,822,33,4,2022-04-26
541,186,11,3,2023-09-03
542,57,36,5,2023-03-10
543,779,11,4,2023-08-05
544,803,5,5,2023-03-25
545,757,35,1,2024-02-22
546,88,12,3,2022-04-29
547,351,34,5,2022-05-24
548,540,11,5,2022-12-18
549,858,43,4,2022-09-02
550,664,32,4,2022-10-05
551,653,38,4,2023-02-13
552,394,8,5,2022-09-23
553,24,35,3,2023-11-28
554,885,33,4,2022-03-18
555,933,48,4,2023-04-23
556,16,22,2,2023-09-13
557,404,24,3,2022-01-15
558,643,8,4,2022-11-15
559,51,8,3,2022-11-26
560,452,21,2,2023-01-09
561,687,32,4,2022-12-30
562,411,39,5,2022-10-10
563,28,7,4,2023-10-19
564,659,9,3,2022-10-21
565,485,44,2,2022-07-24
566,762,32,3,2022-05-26
567,778,12,2,2023-06-29
568,426,30,1,2022-08-23
569,609,35,3,2022-06-15
570,346,26,2,2023-03-03
571,465,23,5,2023-07-14
572,562,32,2,2023-01-15
573,160,21,5,2022-03-05
574,887,34,5,2023-09-24
575,262,2,4,2023-02-27
576,126,37,5,2023-12-06
577,190,43,5,2022-12-25
578,353,31,5,2023-08-25
579,504,35,4,2022-01-09
580,182,11,5,2023-02-04
581,548,20,5,2023-08-23
582,97,42,4,2023-09-16
583,393,18,5,2022-12-03
584,844,2,5,2022-04-02
585,570,31,4,2024-01-01
586,316,29,3,2023-12-06
587,257,33,5,2022-12-10
588,506,36,5,2023-01-28
589,541,47,5,2022-10-27
590,825,26,4,2023-05-09
591,884,7,2,2023-01-03
592,339,31,4,2023-04-29
593,757,29,3,2023-05-19
594,707,22,5,2022-11-29
595,148,41,5,2022-12-28
596,269,30,5,2024-02-19
597,275,8,5,2023-04-23
598,763,49,4,2023-06-27
599,571,1,2,2023-02-04
600,891,39,1,2022-06-28
601,103,2,5,2022-09-17
602,675,5,4,2023-05-22
603,784,40,5,2023-02-10
604,341,3,4,2023-06-07
605,781,7,4,2023-06-26
606,893,6,5,2023-07-04
607,771,40,4,2022-09-26
608,52,19,4,2022-02-17
609,765,31,4,2024-02-09
610,818,8,3,2022-05-27
611,343,14,3,2023-06-26
612,548,19,2,2023-06-11
613,755,22,3,2022-03-15
614,535,47,3,2022-10-09
615,661,19,5,2022-06-26
616,432,48,5,2022-11-11
617,624,24,2,2023-03-04
618,255,44,4,2022-01-05
619,62,10,5,2023-04-28
620,965,19,4,2024-02-13
621,236,36,4,2023-02-14
622,691,32,3,2023-08-08
623,523,50,4,2022-07-01
624,538,24,4,2022-09-17
625,323,34,5,2024-02-01
626,328,29,1,2023-11-22
627,625,28,4,2022-02-09
628,656,44,4,2023-09-15
629,660,40,5,2022-09-30
630,754,46,5,2023-02-21
631,618,5,4,2022-08-22
632,388,33,4,2022-12-02
633,411,19,4,2022-01-12
634,229,43,5,2023-10-01
635,784,50,3,2022-08-23
636,34,3,1,2023-04-02
637,591,2,4,2023-03-25
638,406,48,5,2023-05-29
639,114,39,3,2022-10-30
640,708,30,3,2022-10-17
641,779,40,4,2022-10-14
642,99,12,4,2024-02-29
643,122,38,5,2023-05-13
644,287,14,5,2022-08-11
645,833,39,1,2022-09-18
646,536,30,4,2022-11-13
647,865,19,5,2023-03-01
648,304,5,4,2023-04-11
649,116,45,3,2023-07-12
650,144,42,5,2022-01-03
651,109,16,4,2023-01-02
652,705,5,5,2022-02-10
653,69,12,1,2023-07-08
654,738,24,4,2023-07-24
655,390,21,2,2022-12-01
656,389,19,5,2022-09-16
657,288,2,1,2022-12-15
658,226,5,5,2022-05-25
659,678,16,4,2024-02-18
660,567,6,1,2023-09-23
661,424,16,3,2023-10-24
662,442,12,1,2022-07-15
663,553,13,2,2024-02-22
664,378,33,5,2022-08-24
665,948,7,4,2024-01-07
666,354,10,3,2023-07-31
667,677,6,4,2022-12-06
668,34,8,5,2022-12-24
669,473,39,4,2024-01-28
670,96,18,4,2022-02-25
671,125,35,4,2023-04-01
672,21,36,4,2022-11-28
673,684,23,5,2022-09-04
674,373,1,4,2022-11-14
675,448,40,4,2023-09-10
676,376,46,3,2022-12-10
677,641,47,3,2023-10-26
678,871,50,3,2022-05-04
679,341,17,5,2024-01-15
680,764,33,5,2023-07-31
681,479,4,4,2023-10-27
682,931,40,4,2022-09-14
683,964,8,4,2022-12-12
684,830,44,5,2022-12-12
685,637,30,3,2022-04-22
686,750,24,4,2022-12-28
687,23,16,2,2023-04-25
688,597,29,4,2022-06-12
689,557,48,4,2022-04-15
690,651,38,4,2023-03-11
691,668,45,5,2023-03-03
692,402,41,2,2023-04-19
693,61,30,5,2023-08-13
694,234,16,4,2023-08-09
695,193,45,3,2023-07-24
696,755,31,5,2022-04-05
697,789,40,4,2022-02-24
698,968,6,1,2022-05-14
699,658,31,1,2023-01-06
700,103,6,5,2023-08-22
701,598,33,4,2022-03-07
702,693,43,5,2024-02-10
703,818,3,4,2023-12-13
704,811,6,3,2023-12-24
705,456,5,4,2023-05-12
706,961,2,1,2024-02-26
707,176,22,3,2024-01-28
708,637,14,3,2023-11-14
709,706,24,4,2022-05-24
710,48,38,4,2023-07-27
711,328,20,4,2024-01-17
712,996,25,4,2023-05-18
713,930,11,4,2022-08-30
714,621,14,2,2023-11-28
715,863,25,4,2024-02-12
716,355,27,4,2022-09-11
717,334,40,4,2022-01-07
718,191,32,4,2023-04-18
719,203,2,4,2023-07-26
720,55,27,5,2022-11-28
721,957,34,1,2022-04-27
722,668,16,1,2023-04-24
723,431,21,3,2023-04-06
724,610,2,4,2022-04-18
725,616,30,3,2023-09-13
726,893,28,2,2023-12-08
727,751,6,5,2022-11-10
728,761,39,5,2023-07-30
729,87,24,3,2023-12-16
730,931,47,4,2023-06-27
731,544,1,1,2023-03-15
732,616,39,5,2022-12-24
733,572,49,5,2023-09-14
734,680,23,4,2023-07-02
735,79,9,2,2022-08-23
736,670,10,4,2023-06-22
737,634,28,3,2023-05-08
738,767,9,1,2024-01-26
739,269,34,5,2023-08-04
740,778,6,4,2022-02-03
741,774,7,3,2023-02-13
742,361,23,5,2023-11-22
743,281,8,5,2022-05-21
744,649,29,4,2022-03-06
745,927,33,4,2023-10-17
746,627,37,2,2023-04-19
747,577,33,4,2022-02-25
748,43,14,1,2023-02-21
749,167,49,1,2022-07-07
750,941,43,5,2023-11-11
751,644,16,5,2023-09-11
752,173,26,3,2023-04-05
753,247,7,2,2024-01-23
754,993,40,4,2024-01-12
755,215,22,3,2023-05-07
756,147,50,2,2023-05-04
757,57,21,2,2022-02-04
758,468,13,3,2023-11-03
759,769,11,4,2023-07-15
760,941,37,3,2023-02-12
761,889,4,5,2022-07-16
762,958,11,2,2023-07-06
763,697,29,2,2022-08-11
764,573,34,1,2023-12-20
765,472,25,4,2022-03-19
766,862,3,5,2023-12-10
767,41,47,1,2022-03-15
768,19,8,4,2022-01-23
769,252,6,1,2023-05-06
770,540,25,5,2022-05-08
771,900,17,4,2022-12-03
772,487,18,2,2022-08-31
773,90,7,2,2022-09-06
774,391,47,5,2023-03-26
775,387,30,5,2022-12-22
776,571,37,4,2022-11-26
777,381,9,1,2023-08-14
778,5,49,4,2022-08-29
779,573,22,3,2023-01-18
780,121,31,4,2024-02-10
781,800,2,1,2023-11-26
782,60,42,5,2024-02-03
783,743,21,1,2022-07-07
784,181,25,4,2023-04-07
785,103,28,4,2022-12-22
786,534,47,5,2023-01-31
787,640,9,3,2022-04-05
788,18,2,2,2023-03-12
789,277,8,5,2024-01-12
790,974,11,4,2023-07-16
791,804,25,4,2022-03-21
792,381,6,3,2024-01-12
793,734,22,5,2023-11-11
794,696,19,4,2023-09-26
795,170,35,1,2022-01-19
796,326,42,3,2022-06-01
797,55,46,3,2022-09-07
798,785,2,4,2022-01-14
799,208,24,4,2023-09-24
800,916,47,4,2022-12-21
801,782,46,5,2023-10-19
802,965,34,3,2022-09-25
803,119,44,5,2023-06-29
804,235,13,4,2022-06-06
805,423,49,3,2022-10-11
806,768,13,4,2022-06-18
807,347,13,4,2022-07-10
808,592,22,4,2022-03-06
809,91,48,4,2022-03-12
810,91,17,3,2023-09-01
811,532,39,4,2023-12-11
812,989,50,3,2023-11-04
813,208,11,4,2023-08-29
814,242,23,5,2023-07-14
815,435,9,4,2023-02-15
816,337,39,2,2023-08-31
817,393,15,5,2022-04-05
818,544,23,5,2023-02-07
819,142,29,4,2022-03-23
820,486,17,5,2022-10-19
821,789,50,5,2022-06-15
822,691,29,2,2022-07-20
823,681,1,1,2024-01-28
824,528,1,5,2024-02-09
825,258,10,3,2023-06-30
826,279,6,4,2022-11-15
827,460,14,5,2023-12-28
828,465,45,5,2022-12-24
829,357,48,3,2023-07-19
830,310,30,5,2022-04-04
831,64,45,5,2023-11-16
832,251,25,5,2022-03-07
833,14,19,2,2023-04-30
834,974,20,3,2023-01-09
835,552,32,1,2022-12-25
836,252,4,4,2023-10-23
837,673,31,4,2022-11-15
838,385,26,1,2023-01-31
839,396,38,4,2024-01-19
840,438,40,4,2023-10-16
841,366,18,5,2022-04-26
842,165,49,4,2023-09-20
843,27,27,4,2022-01-16
844,790,32,3,2023-01-15
845,177,30,3,2022-01-25
846,284,26,3,2022-08-02
847,500,20,5,2023-10-10
848,212,31,4,2023-12-06
849,257,2,3,2022-06-28
850,807,39,1,2023-03-24
851,955,15,4,2023-07-11
852,271,35,5,2023-09-14
853,624,32,5,2023-01-17
854,320,49,5,2022-09-29
855,39,41,3,2024-01-18
856,298,43,1,2022-01-10
857,473,48,5,2022-01-17
858,578,34,4,2022-10-20
859,965,49,3,2022-05-05
860,179,24,2,2022-05-17
861,934,5,3,2023-10-27
862,387,2,5,2023-03-09
863,517,8,5,2022-03-24
864,585,20,4,2023-06-27
865,8,42,4,2023-01-08
866,255,37,2,2022-02-10
867,100,5,5,2022-10-29
868,394,34,4,2023-01-28
869,998,47,5,2022-02-04
870,648,27,4,2023-11-30
871,676,26,2,2023-06-05
872,874,48,4,2023-04-08
873,725,28,3,2024-01-05
874,17,21,5,2022-01-21
875,768,38,3,2024-02-05
876,595,8,5,2022-09-29
877,617,6,1,2022-06-11
878,951,35,3,2022-04-30
879,406,10,5,2022-06-13
880,327,11,3,2023-04-12
881,113,36,3,2023-06-16
882,14,8,2,2022-11-06
883,126,50,3,2022-11-22
884,681,18,1,2022-07-28
885,783,28,4,2023-08-13
886,838,27,1,2023-06-10
887,248,27,5,2024-01-11
888,597,26,5,2022-02-21
889,456,25,1,2022-05-03
890,363,2,5,2023-11-04
891,231,17,3,2023-08-12
892,758,33,5,2022-02-23
893,485,24,1,2023-08-04
894,22,4,4,2024-01-05
895,366,36,4,2023-10-08
896,994,33,2,2023-10-09
897,215,17,5,2022-11-07
898,413,2,3,2024-02-28
899,647,8,3,2022-08-16
900,992,1,4,2022-11-20
901,433,31,3,2022-06-09
902,393,50,4,2023-02-06
903,468,20,5,2023-01-18
904,527,43,4,2022-02-04
905,95,30,3,2022-06-08
906,936,23,1,2023-08-12
907,912,1,5,2022-07-17
908,584,21,5,2023-05-03
909,254,10,1,2023-06-14
910,862,16,5,2023-08-09
911,763,24,5,2022-05-09
912,16,39,4,2022-02-18
913,231,1,4,2023-07-14
914,520,5,4,2023-01-20
915,153,14,4,2023-05-27
916,104,40,4,2023-08-10
917,470,18,1,2023-08-24
918,335,1,1,2024-01-19
919,261,32,5,2022-05-28
920,128,31,4,2022-08-15
921,729,43,4,2024-01-30
922,382,44,4,2022-09-20
923,425,9,3,2023-04-10
924,995,21,5,2022-06-09
925,321,40,4,2023-01-09
926,91,14,5,2023-02-08
927,645,41,5,2022-01-04
928,855,45,4,2023-02-19
929,527,38,4,2023-11-19
930,973,43,2,2024-01-23
931,852,24,4,2022-09-08
932,25,47,5,2022-07-17
933,129,42,5,2023-09-08
934,328,6,4,2023-01-16
935,984,15,2,2022-01-03
936,257,35,5,2022-05-03
937,927,44,2,2022-08-13
938,401,44,1,2022-03-04
939,756,24,4,2023-12-17
940,171,39,4,2023-04-04
941,36,27,3,2023-05-29
942,699,35,4,2024-02-28
943,631,1,3,2023-11-26
944,59,50,3,2023-05-19
945,38,47,3,2023-11-09
946,752,5,1,2023-05-20
947,663,48,2,2023-03-17
948,1000,42,4,2023-09-03
949,848,9,5,2022-08-19
950,269,7,3,2022-02-06
951,290,16,5,2023-01-25
952,644,28,3,2022-07-19
953,645,12,4,2022-11-14
954,456,3,4,2023-03-27
955,716,41,1,2023-01-26
956,223,45,1,2023-12-03
957,113,32,4,2022-07-12
958,54,48,3,2023-04-29
959,132,9,5,2023-04-16
960,548,6,3,2023-02-06
961,700,33,4,2022-09-28
962,496,15,5,2023-04-07
963,728,26,4,2023-06-21
964,760,44,5,2023-09-24
965,14,18,3,2023-09-26
966,497,23,1,2022-07-10
967,499,8,2,2022-07-12
968,231,11,5,2022-04-07
969,460,18,2,2024-01-09
970,867,12,5,2023-09-01
971,912,12,1,2022-11-19
972,760,4,4,2022-09-02
973,171,1,4,2023-11-30
974,192,50,3,2023-08-16
975,317,7,4,2023-10-05
976,265,12,5,2023-06-29
977,315,4,4,2024-02-28
978,723,10,3,2023-09-24
979,208,34,2,2023-07-23
980,397,7,5,2022-05-19
981,687,49,4,2023-11-13
982,186,18,1,2022-02-08
983,487,3,3,2022-10-31
984,338,32,4,2023-05-17
985,348,36,4,2022-07-11
986,170,50,5,2023-12-06
987,611,21,4,2022-10-13
988,57,10,2,2023-12-15
989,757,46,5,2023-06-04
990,356,23,3,2022-02-05
991,480,33,3,2022-11-20
992,91,50,5,2023-01-03
993,834,40,4,2022-04-02
994,412,44,4,2023-02-02
995,415,13,2,2023-10-11
996,959,41,5,2023-08-04
997,792,8,1,2023-10-09
998,682,35,1,2022-08-01
999,906,8,5,2023-08-25
1000,102,16,4,2022-11-14
1001,183,13,4,2022-03-24
1002,358,23,4,2022-02-26
1003,230,36,3,2022-09-10
1004,915,14,4,2022-12-02
1005,216,49,4,2023-09-06
1006,349,38,4,2023-09-27
1007,908,8,5,2024-01-11
1008,330,12,3,2023-06-09
1009,302,16,1,2023-10-05
1010,915,50,4,2023-08-08
1011,581,39,4,2023-04-07
1012,133,32,2,2023-01-12
1013,275,47,4,2022-07-14
1014,741,9,4,2023-09-10
1015,585,46,5,2023-04-06
1016,534,2,4,2022-06-04
1017,668,8,5,2022-02-25
1018,831,15,4,2022-07-30
1019,83,33,5,2023-02-02
1020,779,12,4,2022-11-04
1021,185,36,4,2022-01-16
1022,493,1,5,2022-01-01
1023,494,21,4,2022-07-31
1024,533,42,4,2022-09-23
1025,826,19,3,2022-03-04
1026,514,15,5,2023-11-18
1027,90,10,2,2022-09-15
1028,145,36,3,2022-02-18
1029,491,47,4,2022-02-04
1030,266,6,2,2022-08-15
1031,853,10,4,2022-09-09
1032,605,39,3,2022-04-09
1033,910,21,5,2023-07-01
1034,112,40,4,2022-03-10
1035,862,21,4,2023-05-21
1036,115,50,3,2023-02-18
1037,493,46,4,2023-07-29
1038,44,41,2,2023-12-27
1039,908,27,4,2022-11-16
1040,95,35,5,2023-10-05
1041,309,36,2,2022-07-14
1042,999,5,3,2023-08-17
1043,13,22,1,2024-02-20
1044,482,44,2,2022-12-28
1045,962,6,5,2022-09-06
1046,216,11,3,2023-01-25
1047,715,28,2,2024-02-20
1048,493,4,4,2022-10-15
1049,527,20,4,2023-02-07
1050,102,9,5,2024-02-17
1051,145,2,5,2023-10-01
1052,222,16,1,2022-09-13
1053,348,22,2,2022-09-20
1054,482,29,4,2022-11-10
1055,480,50,5,2022-04-30
1056,945,3,5,2024-01-24
1057,90,21,2,2022-12-01
1058,352,35,4,2023-06-12
1059,913,39,4,2022-09-17
1060,463,10,4,2023-03-16
1061,816,16,5,2023-05-06
1062,950,50,2,2022-05-03
1063,224,19,3,2022-08-14
1064,509,35,5,2022-11-22
1065,947,19,4,2023-06-25
1066,400,5,4,2022-03-14
1067,246,16,5,2023-03-15
1068,937,12,4,2022-08-31
1069,147,48,5,2023-07-01
1070,275,6,5,2023-04-25
1071,281,6,2,2022-05-26
1072,2,35,5,2023-06-30
1073,718,48,3,2022-10-24
1074,201,9,4,2022-12-11
1075,974,2,4,2023-08-05
1076,565,19,4,2022-03-08
1077,26,8,5,2022-07-13
1078,849,8,2,2022-03-07
1079,466,48,5,2024-02-04
1080,751,28,5,2022-11-30
1081,398,43,3,2023-12-16
1082,153,32,4,2023-01-17
1083,379,32,4,2022-07-19
1084,520,42,2,2022-07-30
1085,848,25,2,2023-11-01
1086,342,27,1,2023-07-14
1087,161,35,4,2023-02-22
1088,631,20,5,2023-08-25
1089,476,29,4,2023-05-14
1090,723,9,1,2022-09-20
1091,516,46,5,2023-08-06
1092,967,9,2,2023-03-07
1093,85,3,3,2023-06-09
1094,423,30,5,2022-11-07
1095,398,2,5,2022-03-03
1096,171,44,1,2022-10-26
1097,902,35,5,2024-01-26
1098,236,36,5,2023-09-17
1099,40,12,5,2023-02-22
1100,810,33,3,2023-02-04
1101,886,41,5,2022-07-02
1102,267,32,2,2023-05-31
1103,802,32,4,2022-03-26
1104,288,4,3,2023-04-24
1105,13,25,4,2023-05-31
1106,909,47,4,2022-01-19
1107,514,49,5,2022-09-04
1108,151,11,5,2022-06-15
1109,882,22,3,2023-05-17
1110,165,44,1,2023-09-28
1111,74,22,5,2022-01-31
1112,466,36,5,2023-04-11
1113,573,2,5,2023-06-08
1114,44,19,4,2022-10-27
1115,267,46,4,2023-02-02
1116,795,44,5,2023-11-23
1117,403,3,5,2024-02-11
1118,321,20,1,2023-10-24
1119,290,25,3,2022-07-18
1120,945,20,3,2022-06-09
1121,258,12,1,2022-12-15
1122,901,13,5,2023-10-06
1123,86,25,3,2024-01-10
1124,537,15,1,2023-11-19
1125,231,12,1,2023-10-20
1126,282,17,5,2024-02-19
1127,187,37,3,2023-07-27
1128,191,26,1,2022-12-07
1129,950,12,4,2024-01-13
1130,809,20,1,2022-12-02
1131,747,40,1,2023-05-19
1132,604,14,3,2022-10-30
1133,37,22,3,2022-04-11
1134,494,24,4,2023-08-21
1135,235,47,5,2023-09-22
1136,457,34,3,2024-01-24
1137,756,43,4,2023-10-14
1138,563,44,5,2023-03-19
1139,535,23,5,2023-02-27
1140,356,45,4,2022-12-09
1141,53,22,5,2022-11-19
1142,489,20,1,2023-05-31
1143,315,2,4,2023-07-25
1144,807,13,4,2022-03-09
1145,423,6,5,2022-10-01
1146,506,8,4,2023-12-18
1147,845,31,3,2022-10-30
1148,164,36,4,2023-01-08
1149,659,24,5,2023-02-13
1150,896,49,4,2023-11-07
1151,117,15,4,2023-04-25
1152,764,45,5,2022-01-18
1153,870,32,3,2024-02-07
1154,131,14,5,2024-01-30
1155,46,48,2,2023-04-28
1156,847,22,1,2023-01-02
1157,752,24,5,2022-10-05
1158,912,19,5,2023-07-01
1159,63,15,4,2022-02-04
1160,141,46,5,2023-01-27
1161,174,13,2,2023-10-20
1162,123,37,3,2023-11-24
1163,240,5,4,2023-07-05
1164,211,31,2,2022-07-10
1165,175,28,4,2023-11-11
1166,343,45,5,2022-10-18
1167,672,26,3,2022-10-22
1168,772,12,4,2023-10-06
1169,552,8,5,2023-07-14
1170,249,15,5,2023-03-26
1171,139,50,4,2022-11-13
1172,950,43,3,2022-03-13
1173,956,13,2,2022-10-20
1174,857,6,5,2023-11-12
1175,478,41,3,2023-03-28
1176,684,17,3,2022-04-10
1177,186,39,4,2022-12-07
1178,743,10,5,2023-05-29
1179,714,15,4,2024-02-09
1180,11,3,3,2023-04-13
1181,813,37,4,2024-01-22
1182,981,3,5,2023-09-12
1183,889,9,4,2022-07-20
1184,167,15,5,2022-08-23
1185,396,6,1,2022-03-08
1186,779,45,5,2022-09-29
1187,542,11,3,2023-07-02
1188,497,25,3,2022-04-02
1189,145,4,4,2024-02-21
1190,232,4,5,2022-02-09
1191,727,43,4,2023-05-21
1192,532,42,3,2023-10-29
1193,555,24,4,2022-03-21
1194,9,23,4,2022-12-23
1195,446,39,2,2022-06-02
1196,883,46,1,2022-12-25
1197,682,31,5,2022-05-04
1198,985,46,2,2022-06-02
1199,713,2,5,2023-04-19
1200,219,7,5,2024-01-06
1201,176,42,4,2022-09-11
1202,759,23,5,2022-12-02
1203,107,3,1,2023-03-04
1204,632,7,5,2023-06-08
1205,634,7,5,2023-05-10
1206,178,37,5,2022-11-06
1207,952,12,4,2023-11-19
1208,978,3,5,2023-03-28
1209,669,46,1,2022-02-04
1210,891,42,4,2022-12-28
1211,54,29,3,2023-10-12
1212,584,1,4,2023-10-04
1213,659,35,3,2023-05-29
1214,240,43,3,2022-08-14
1215,1000,7,4,2022-09-21
1216,45,28,1,2022-08-05
1217,928,8,5,2023-03-16
1218,522,49,3,2023-08-15
1219,310,41,4,2022-08-20
1220,126,4,3,2022-01-16
1221,684,2,2,2023-05-26
1222,918,47,5,2023-05-31
1223,455,31,2,2023-01-30
1224,54,16,4,2022-08-27
1225,43,21,1,2022-05-26
1226,742,25,3,2023-04-26
1227,675,7,5,2022-05-15
1228,329,30,5,2023-06-29
1229,522,40,3,2022-08-16
1230,868,21,5,2023-10-06
1231,450,1,5,2022-04-27
1232,181,1,5,2022-03-05
1233,451,19,4,2022-04-29
1234,86,26,4,2023-01-17
1235,99,9,4,2023-07-24
1236,875,13,5,2023-10-17
1237,777,13,3,2022-07-24
1238,1,43,3,2023-03-14
1239,929,2,4,2023-10-07
1240,61,10,5,2023-03-26
1241,637,48,5,2023-01-26
1242,207,48,4,2023-01-28
1243,96,17,5,2022-11-12
1244,270,25,3,2022-12-31
1245,352,8,3,2022-06-14
1246,496,25,3,2023-10-09
1247,440,30,1,2023-10-08
1248,712,34,3,2022-12-02
1249,275,16,1,2023-10-16
1250,929,1,3,2023-12-19
1251,422,22,3,2022-12-06
1252,657,45,2,2022-10-28
1253,428,4,4,2022-04-25
1254,513,45,4,2022-11-06
1255,60,30,2,2023-04-24
1256,476,42,4,2023-11-23
1257,2,31,4,2023-05-30
1258,218,3,5,2022-02-16
1259,818,42,2,2022-05-21
1260,261,15,5,2022-02-24
1261,419,16,4,2023-04-28
1262,348,24,5,2022-02-14
1263,967,9,5,2022-05-05
1264,651,11,1,2022-11-12
1265,791,30,3,2023-08-17
1266,144,29,1,2022-07-29
1267,727,49,5,2023-12-29
1268,435,30,1,2023-10-30
1269,524,48,5,2023-12-03
1270,639,42,3,2022-05-19
1271,818,4,2,2022-12-17
1272,314,43,1,2023-11-27
1273,372,35,4,2023-01-24
1274,593,6,4,2022-02-22
1275,879,8,1,2022-06-06
1276,293,46,3,2024-01-20
1277,207,46,3,2022-12-07
1278,837,19,4,2023-03-19
1279,743,25,3,2023-11-19
1280,955,4,5,2022-06-06
1281,57,22,1,2022-02-17
1282,648,25,2,2024-01-14
1283,123,11,3,2023-10-04
1284,277,12,4,2022-11-10
1285,212,30,4,2022-04-27
1286,532,4,4,2022-10-28
1287,585,16,2,2023-12-29
1288,588,9,3,2023-07-14
1289,290,43,4,2023-10-30
1290,997,29,3,2022-03-18
1291,252,12,4,2023-12-25
1292,716,42,1,2023-08-02
1293,205,42,3,2024-02-29
1294,733,35,5,2023-03-14
1295,193,40,4,2023-01-21
1296,683,36,4,2022-08-13
1297,783,41,1,2022-09-25
1298,83,40,1,2024-01-25
1299,779,7,5,2023-10-15
1300,795,5,5,2023-11-11
1301,174,21,4,2023-10-31
1302,864,35,4,2022-10-03
1303,56,38,3,2023-05-17
1304,286,47,4,2022-11-28
1305,321,41,3,2023-03-09
1306,793,40,1,2022-01-29
1307,967,4,3,2023-08-16
1308,240,24,4,2022-02-28
1309,352,10,3,2022-11-17
1310,979,19,1,2023-07-14
1311,465,46,1,2023-07-29
1312,305,42,3,2023-03-12
1313,707,45,5,2022-01-22
1314,84,31,5,2023-03-30
1315,322,50,3,2022-10-13
1316,717,35,5,2023-08-09
1317,831,13,4,2022-03-24
1318,841,35,5,2022-12-08
1319,70,16,3,2022-06-30
1320,906,36,5,2023-06-03
1321,968,40,5,2022-04-22
1322,204,14,1,2022-01-01
1323,702,35,2,2023-06-07
1324,310,21,4,2022-03-12
1325,407,9,5,2022-06-09
1326,368,47,5,2022-10-28
1327,628,28,5,2023-01-06
1328,411,29,4,2022-09-16
1329,652,15,4,2023-03-08
1330,529,50,5,2023-04-03
1331,961,4,4,2022-05-05
1332,777,6,3,2022-11-18
1333,652,33,5,2022-08-22
1334,583,6,5,2023-01-13
1335,30,41,4,2023-06-18
1336,493,14,3,2022-06-22
1337,673,44,4,2022-11-29
1338,574,17,4,2023-11-21
1339,108,32,4,2022-10-15
1340,602,48,5,2023-03-26
1341,34,14,3,2023-05-21
1342,801,36,5,2023-08-21
1343,561,8,4,2023-09-23
1344,381,4,5,2023-12-08
1345,118,29,1,2023-11-12
1346,381,45,5,2023-06-21
1347,530,22,3,2022-02-27
1348,52,6,5,2023-04-03
1349,926,11,4,2022-03-09
1350,91,44,1,2022-12-16
1351,645,13,5,2024-01-22
1352,422,19,3,2022-12-12
1353,898,17,3,2023-12-12
1354,286,33,4,2022-07-13
1355,958,33,3,2024-01-13
1356,686,21,3,2023-04-10
1357,949,45,3,2022-04-02
1358,245,41,4,2023-12-28
1359,286,32,4,2022-09-15
1360,571,50,1,2022-07-16
1361,798,29,5,2022-12-01
1362,91,48,4,2023-09-24
1363,677,49,5,2023-11-26
1364,116,20,1,2022-02-21
1365,578,26,3,2023-05-14
1366,33,22,3,2023-04-25
1367,416,3,4,2022-07-25
1368,688,41,5,2022-10-28
1369,679,43,4,2023-05-08
1370,939,44,5,2023-01-25
1371,202,44,2,2022-10-12
1372,899,3,5,2022-03-05
1373,804,48,4,2023-05-21
1374,746,12,4,2022-11-29
1375,434,37,5,2023-08-08
1376,4,21,2,2023-12-28
1377,795,47,5,2024-01-27
1378,298,36,4,2022-12-19
1379,521,46,1,2022-05-30
1380,504,43,5,2024-02-06
1381,997,13,5,2024-02-20
1382,622,23,5,2023-01-13
1383,389,2,3,2023-02-11
1384,243,34,5,2022-05-13
1385,387,46,1,2023-01-18
1386,326,29,2,2022-06-22
1387,316,38,2,2022-08-11
1388,442,33,3,2022-05-12
1389,217,13,2,2022-02-19
1390,432,31,4,2023-07-31
1391,628,50,4,2023-03-06
1392,810,14,2,2022-07-20
1393,320,38,2,2024-01-22
1394,484,44,4,2023-03-10
1395,164,44,2,2022-10-11
1396,645,33,5,2022-11-09
1397,786,26,4,2023-03-14
1398,836,27,5,2022-03-13
1399,843,23,4,2023-02-12
1400,990,39,4,2023-04-28
1401,965,41,5,2024-02-20
1402,740,29,5,2023-08-15
1403,70,7,5,2022-04-11
1404,84,39,5,2022-11-27
1405,83,29,1,2023-11-12
1406,760,11,2,2023-10-10
1407,525,36,1,2023-01-21
1408,664,23,2,2022-04-28
1409,805,17,3,2023-05-13
1410,989,1,5,2023-06-06
1411,379,4,4,2024-01-08
1412,541,39,4,2023-11-02
1413,600,6,2,2024-01-28
1414,895,43,4,2022-01-05
1415,189,17,1,2023-04-01
1416,549,6,5,2023-12-09
1417,243,2,5,2023-04-04
1418,607,30,5,2022-03-04
1419,466,16,3,2022-06-30
1420,886,42,5,2023-05-08
1421,830,2,3,2023-04-20
1422,26,29,2,2023-03-26
1423,419,18,5,2023-09-24
1424,58,20,5,2023-10-11
1425,276,44,5,2022-05-03
1426,866,34,3,2022-02-27
1427,848,32,3,2022-07-24
1428,531,2,3,2024-02-20
1429,686,39,2,2022-09-17
1430,89,26,5,2022-06-09
1431,937,14,5,2023-09-11
1432,795,2,4,2022-03-18
1433,471,42,3,2023-03-23
1434,843,15,5,2022-08-18
1435,377,33,3,2022-11-17
1436,919,20,1,2022-03-18
1437,541,5,4,2023-08-07
1438,982,42,5,2023-12-19
1439,543,8,2,2024-01-10
1440,926,5,4,2024-02-24
1441,666,38,3,2023-06-16
1442,340,23,1,2022-08-27
1443,264,36,4,2022-12-23
1444,838,35,4,2023-11-04
1445,656,35,4,2023-05-21
1446,797,3,4,2023-03-07
1447,770,36,4,2023-05-01
1448,204,17,4,2023-03-02
1449,570,29,4,2022-01-22
1450,72,3,5,2022-07-02
1451,742,27,2,2022-10-18
1452,977,4,1,2022-03-06
1453,415,36,5,2022-02-17
1454,48,48,2,2022-12-03
1455,546,39,5,2023-03-15
1456,317,26,5,2023-11-11
1457,440,21,3,2022-09-13
1458,982,15,4,2023-10-05
1459,341,19,5,2022-02-10
1460,107,16,4,2023-12-06
1461,260,24,3,2023-08-16
1462,41,37,4,2024-02-10
1463,382,46,4,2023-02-19
1464,223,8,4,2022-07-08
1465,13,30,3,2023-09-23
1466,727,23,4,2022-12-27
1467,217,46,5,2023-10-19
1468,946,49,4,2022-03-26
1469,803,49,3,2022-03-31
1470,979,28,1,2023-05-24
1471,818,44,4,2022-05-07
1472,818,41,1,2022-03-11
1473,801,23,1,2022-03-02
1474,669,21,3,2023-05-08
1475,564,26,5,2023-10-14
1476,311,26,4,2022-02-22
1477,10,32,5,2023-08-06
1478,189,23,4,2023-03-29
1479,832,49,3,2022-04-22
1480,857,2,4,2023-01-22
1481,536,18,5,2023-03-02
1482,561,22,4,2023-08-10
1483,939,11,4,2023-05-19
1484,661,18,5,2022-11-18
1485,567,32,3,2023-01-19
1486,80,23,5,2024-01-13
1487,51,40,4,2023-02-18
1488,853,10,5,2023-07-28
1489,475,1,3,2022-02-07
1490,239,3,4,2023-10-30
1491,523,2,4,2022-03-26
1492,228,5,5,2022-03-08
1493,495,2,4,2022-02-01
1494,783,15,5,2023-04-28
1495,971,7,4,2022-12-19
1496,18,18,3,2022-11-17
1497,914,18,1,2022-06-13
1498,746,6,5,2022-10-05
1499,19,13,3,2022-09-06
1500,985,26,4,2022-01-19
1501,850,8,5,2023-02-25
1502,374,25,5,2023-09-01
1503,471,25,2,2023-01-07
1504,626,49,4,2022-04-03
1505,121,50,4,2022-11-12
1506,630,13,5,2023-10-17
1507,309,41,4,2022-06-07
1508,707,7,5,2022-02-20
1509,616,9,5,2023-08-22
1510,233,14,4,2023-12-30
1511,518,11,3,2022-07-24
1512,117,35,4,2022-06-02
1513,858,40,5,2023-10-31
1514,406,11,3,2023-05-22
1515,687,8,3,2024-01-23
1516,565,15,5,2022-05-08
1517,342,29,1,2023-03-26
1518,285,9,4,2023-11-12
1519,472,22,5,2024-01-24
1520,438,10,1,2022-01-23
1521,14,27,4,2022-08-12
1522,328,35,5,2022-04-29
1523,712,9,1,2022-09-16
1524,487,47,5,2022-04-19
1525,93,29,5,2023-08-14
1526,752,13,5,2023-06-25
1527,625,2,4,2023-04-30
1528,782,47,3,2023-07-05
1529,946,37,5,2023-03-10
1530,57,49,1,2023-02-08
1531,797,13,3,2022-06-06
1532,533,18,5,2022-04-11
1533,671,16,1,2024-01-05
1534,699,1,4,2023-03-19
1535,927,19,5,2023-02-02
1536,727,13,4,2024-01-21
1537,876,35,5,2022-10-30
1538,67,10,1,2022-11-29
1539,960,15,1,2024-02-16
1540,177,44,1,2023-10-05
1541,488,49,3,2023-05-25
1542,630,27,3,2022-10-01
1543,621,26,5,2022-03-12
1544,70,24,4,2023-12-04
1545,226,9,2,2022-09-25
1546,825,9,5,2023-05-18
1547,777,34,3,2022-02-18
1548,29,14,5,2022-02-04
1549,610,25,5,2023-08-28
1550,117,22,3,2022-01-08
1551,654,28,4,2024-01-29
1552,614,45,1,2023-04-28
1553,370,4,5,2023-02-22
1554,169,40,2,2023-07-09
1555,395,34,5,2022-01-29
1556,35,44,3,2023-06-04
1557,692,34,1,2023-11-02
1558,497,25,4,2023-04-11
1559,239,14,1,2023-05-09
1560,155,8,4,2023-11-27
1561,861,46,5,2022-08-13
1562,323,45,1,2023-09-28
1563,573,28,3,2022-06-16
1564,659,48,1,2023-03-02
1565,674,15,4,2022-01-11
1566,439,31,3,2023-02-27
1567,434,22,4,2023-09-06
1568,981,45,5,2022-02-13
1569,169,26,4,2022-04-08
1570,182,1,3,2022-05-31
1571,891,1,5,2023-04-12
1572,734,18,3,2022-09-04
1573,455,1,4,2022-12-27
1574,103,23,5,2022-01-11
1575,543,33,5,2023-08-03
1576,658,6,3,2022-07-18
1577,744,8,5,2024-01-27
1578,390,43,4,2023-12-21
1579,186,38,3,2023-03-01
1580,868,26,5,2022-12-21
1581,690,12,4,2022-07-08
1582,383,33,4,2022-10-02
1583,656,4,3,2022-02-14
1584,793,39,3,2023-12-30
1585,886,46,2,2023-05-29
1586,692,25,5,2023-10-27
1587,168,22,5,2023-04-25
1588,411,32,3,2022-11-06
1589,985,27,5,2022-04-01
1590,929,38,3,2023-01-28
1591,32,9,1,2022-11-16
1592,649,40,4,2023-03-16
1593,995,35,5,2023-03-26
1594,251,50,5,2022-03-02
1595,137,20,4,2022-07-24
1596,67,31,5,2022-08-15
1597,326,26,4,2023-03-14
1598,641,10,3,2022-09-07
1599,164,6,5,2024-02-14
1600,333,43,1,2024-02-24
1601,680,28,3,2023-02-28
1602,440,4,4,2023-08-09
1603,960,40,3,2023-10-25
1604,473,8,5,2022-08-30
1605,925,49,3,2023-12-21
1606,526,22,5,2022-03-29
1607,399,8,1,2022-03-09
1608,760,26,5,2023-03-02
1609,914,18,4,2023-05-30
1610,6,26,5,2023-01-31
1611,220,22,4,2022-12-03
1612,572,34,4,2022-07-21
1613,652,21,1,2022-09-18
1614,967,5,5,2024-02-04
1615,565,37,5,2023-10-15
1616,703,13,4,2023-03-05
1617,640,2,1,2023-09-03
1618,30,12,3,2024-01-12
1619,202,50,1,2022-06-13
1620,235,23,1,2023-06-08
1621,270,42,4,2022-02-22
1622,745,4,3,2022-07-03
1623,578,14,4,2022-12-17
1624,52,31,1,2022-04-08
1625,239,35,5,2024-01-21
1626,66,36,4,2023-05-22
1627,130,50,4,2022-05-05
1628,391,18,2,2023-03-06
1629,305,12,3,2022-11-06
1630,808,37,4,2023-11-14
1631,13,22,4,2023-09-23
1632,95,17,5,2022-06-18
1633,349,34,4,2022-01-26
1634,760,10,1,2022-09-08
1635,203,46,4,2022-07-01
1636,434,22,4,2022-03-30
1637,182,43,5,2023-06-20
1638,446,33,4,2023-09-06
1639,595,19,5,2023-09-20
1640,136,27,2,2023-12-11
1641,49,46,4,2023-06-02
1642,682,23,5,2022-09-02
1643,353,42,3,2022-06-02
1644,789,4,3,2022-12-13
1645,366,25,4,2022-07-26
1646,152,49,4,2024-01-10
1647,317,50,5,2022-07-10
1648,538,2,5,2023-12-29
1649,956,8,3,2022-11-07
1650,159,37,5,2023-03-25
1651,299,26,3,2023-01-10
1652,29,41,4,2023-08-06
1653,923,35,4,2023-11-14
1654,451,8,3,2022-10-09
1655,257,25,4,2023-11-09
1656,252,45,4,2022-07-03
1657,66,29,4,2022-07-17
1658,966,17,3,2022-02-10
1659,504,5,4,2023-02-13
1660,925,48,4,2022-01-30
1661,950,24,5,2023-11-25
1662,488,25,4,2023-02-14
1663,243,23,4,2023-09-28
1664,416,39,1,2023-05-27
1665,372,15,5,2022-08-15
1666,629,6,5,2022-07-22
1667,943,34,4,2023-05-29
1668,963,38,3,2024-01-06
1669,975,1,4,2023-10-25
1670,582,40,4,2023-06-04
1671,176,42,5,2024-01-23
1672,717,30,5,2022-03-06
1673,449,5,5,2023-01-11
1674,897,29,4,2022-08-28
1675,148,50,1,2023-07-11
1676,229,44,5,2022-06-25
1677,44,50,5,2022-10-25
1678,395,23,3,2022-04-30
1679,30,35,4,2023-07-22
1680,546,8,5,2022-01-05
1681,121,3,5,2023-08-05
1682,272,33,5,2023-08-27
1683,653,33,4,2023-02-07
1684,38,43,4,2023-10-01
1685,175,14,2,2023-11-19
1686,471,12,4,2022-11-04
1687,698,1,1,2022-10-25
1688,605,34,4,2023-07-15
1689,745,39,5,2023-12-30
1690,735,12,1,2024-02-14
1691,372,32,4,2022-10-06
1692,11,1,4,2023-07-23
1693,522,7,4,2023-12-16
1694,63,36,1,2023-06-14
1695,562,20,1,2023-06-22
1696,642,21,4,2022-11-10
1697,570,8,3,2023-05-30
1698,213,38,4,2023-09-22
1699,340,36,2,2022-10-19
1700,321,30,2,2022-06-29
1701,126,26,5,2024-02-27
1702,463,11,1,2022-01-15
1703,329,40,3,2023-05-25
1704,864,16,5,2023-07-27
1705,784,22,3,2023-04-07
1706,624,2,1,2023-04-19
1707,653,35,5,2022-11-25
1708,563,35,3,2022-10-17
1709,725,7,1,2022-06-04
1710,703,11,3,2023-10-04
1711,911,20,5,2023-07-07
1712,257,12,2,2023-09-24
1713,158,16,2,2024-02-06
1714,556,46,4,2023-10-17
1715,104,17,1,2023-02-11
1716,595,42,3,2022-09-11
1717,695,44,5,2023-03-08
1718,37,35,5,2024-01-03
1719,605,20,1,2022-04-27
1720,734,30,5,2023-07-03
1721,793,47,4,2023-09-16
1722,343,46,5,2022-01-29
1723,525,44,4,2023-12-09
1724,65,30,4,2023-07-31
1725,272,8,3,2022-06-30
1726,336,23,4,2022-05-16
1727,135,37,3,2023-11-12
1728,797,4,4,2022-11-15
1729,84,12,3,2022-06-17
1730,267,13,5,2023-01-01
1731,446,50,4,2022-07-19
1732,343,11,4,2022-11-23
1733,924,49,5,2023-04-03
1734,833,34,5,2024-01-23
1735,368,12,2,2024-02-08
1736,676,49,5,2023-04-20
1737,301,35,3,2023-10-27
1738,803,35,1,2023-08-27
1739,749,32,3,2023-06-28
1740,613,49,5,2023-03-08
1741,277,23,5,2022-07-21
1742,178,11,3,2022-01-20
1743,87,14,5,2023-06-28
1744,530,35,3,2023-07-14
1745,278,3,1,2022-11-05
1746,611,35,2,2023-04-05
1747,849,42,3,2024-01-08
1748,592,12,5,2023-11-11
1749,172,16,4,2023-09-25
1750,616,50,2,2023-06-20
1751,423,40,2,2022-09-25
1752,356,50,1,2022-02-24
1753,781,25,4,2023-05-17
1754,463,3,2,2023-10-16
1755,641,46,4,2023-12-16
1756,722,49,4,2023-03-31
1757,583,37,4,2023-05-07
1758,945,35,4,2022-08-22
1759,600,19,4,2023-04-22
1760,887,21,1,2022-03-24
1761,206,17,4,2023-10-03
1762,350,28,2,2023-02-05
1763,462,14,5,2023-08-01
1764,277,41,3,2023-09-17
1765,921,22,1,2022-01-15
1766,335,48,5,2023-10-15
1767,702,26,5,2023-08-31
1768,298,39,5,2022-12-02
1769,992,43,1,2023-11-17
1770,977,1,5,2022-07-09
1771,529,31,5,2022-01-11
1772,416,19,4,2023-05-23
1773,237,24,1,2022-04-05
1774,81,34,5,2022-09-21
1775,851,49,5,2023-12-25
1776,131,32,4,2023-08-21
1777,868,34,1,2023-02-10
1778,486,43,4,2022-09-20
1779,296,36,5,2023-02-11
1780,615,35,1,2022-04-10
1781,661,15,4,2023-06-26
1782,882,19,5,2023-10-13
1783,346,32,5,2022-08-06
1784,764,47,5,2023-03-26
1785,879,25,4,2023-07-29
1786,339,6,4,2023-05-05
1787,354,49,2,2022-08-07
1788,491,44,5,2022-03-26
1789,108,45,3,2022-01-24
1790,554,28,1,2023-08-31
1791,815,29,4,2023-01-02
1792,425,34,2,2023-10-14
1793,99,17,4,2022-04-10
1794,786,8,3,2023-10-25
1795,620,40,1,2023-02-05
1796,944,50,2,2022-06-16
1797,868,7,1,2022-04-24
1798,289,47,4,2022-03-28
1799,335,18,3,2022-01-05
1800,441,46,4,2023-01-25
1801,772,45,4,2022-03-21
1802,81,42,5,2023-05-29
1803,249,2,4,2023-04-30
1804,211,46,5,2023-06-20
1805,649,22,1,2023-07-23
1806,525,42,1,2023-07-02
1807,484,40,3,2023-12-10
1808,850,1,5,2023-06-11
1809,592,44,1,2023-05-21
1810,251,38,2,2022-11-12
1811,269,47,3,2022-06-30
1812,580,43,3,2023-02-09
1813,531,1,4,2024-01-06
1814,711,1,2,2022-03-26
1815,461,4,5,2023-12-18
1816,493,30,2,2023-09-26
1817,884,18,5,2023-06-14
1818,405,39,4,2023-02-24
1819,931,6,4,2023-07-18
1820,751,38,1,2022-10-20
1821,163,1,5,2022-04-17
1822,407,38,3,2023-03-07
1823,414,44,4,2023-10-27
1824,433,38,2,2023-10-05
1825,246,2,4,2023-11-05
1826,438,1,3,2023-03-17
1827,110,27,3,2023-09-14
1828,447,26,5,2023-12-01
1829,158,5,3,2022-12-19
1830,191,15,5,2023-06-26
1831,99,24,5,2022-05-11
1832,401,34,5,2023-06-13
1833,541,27,5,2023-07-16
1834,578,49,2,2024-02-03
1835,335,20,4,2023-05-31
1836,828,25,3,2023-07-06
1837,755,42,4,2022-10-29
1838,331,17,4,2023-12-27
1839,551,13,5,2022-03-31
1840,273,1,1,2022-02-09
1841,588,36,2,2023-08-16
1842,207,40,4,2022-11-25
1843,242,31,2,2023-06-02
1844,538,14,4,2022-06-29
1845,975,27,4,2023-12-15
1846,661,36,3,2023-08-16
1847,847,28,4,2022-02-10
1848,9,37,5,2022-10-24
1849,254,33,5,2023-06-25
1850,168,3,5,2023-01-05
1851,680,7,4,2023-08-23
1852,828,20,1,2022-03-05
1853,976,39,1,2023-01-16
1854,172,49,4,2022-10-10
1855,758,40,5,2023-01-07
1856,942,20,3,2023-01-02
1857,364,1,3,2022-03-22
1858,728,41,3,2022-02-27
1859,937,1,5,2023-05-19
1860,194,2,4,2022-06-04
1861,271,28,5,2024-01-13
1862,417,39,5,2022-05-11
1863,61,8,3,2023-12-24
1864,870,25,5,2023-10-10
1865,994,21,4,2023-03-01
1866,852,16,2,2023-02-03
1867,111,37,4,2023-01-06
1868,247,29,4,2023-05-20
1869,122,43,4,2023-11-06
1870,171,25,3,2024-01-25
1871,226,13,4,2023-09-12
1872,327,46,5,2024-01-21
1873,918,39,5,2022-11-16
1874,189,48,2,2022-10-23
1875,818,18,3,2023-04-25
1876,169,7,5,2022-12-12
1877,719,41,3,2022-05-11
1878,355,42,3,2023-10-03
1879,554,46,3,2024-02-10
1880,753,18,4,2023-05-26
1881,156,34,1,2023-04-13
1882,132,38,5,2022-02-11
1883,894,35,4,2022-11-30
1884,37,1,4,2023-05-28
1885,606,35,5,2023-09-27
1886,23,11,4,2022-08-14
1887,450,39,3,2022-02-10
1888,982,16,5,2023-11-08
1889,63,40,4,2022-01-22
1890,905,29,4,2022-06-23
1891,627,21,4,2022-06-14
1892,267,23,4,2022-09-13
1893,886,30,4,2022-02-26
1894,177,33,5,2022-05-18
1895,136,46,5,2022-09-24
1896,599,7,2,2022-03-07
1897,471,29,2,2022-05-25
1898,963,8,3,2022-07-03
1899,22,17,1,2022-06-18
1900,530,12,3,2022-12-08
1901,823,18,4,2022-05-21
1902,357,37,3,2024-01-26
1903,354,43,4,2023-01-06
1904,291,17,4,2023-07-04
1905,24,7,4,2023-09-18
1906,719,46,4,2023-01-02
1907,368,27,4,2023-11-24
1908,921,46,3,2023-06-15
1909,56,44,5,2022-12-18
1910,732,28,4,2024-01-07
1911,185,8,2,2022-07-31
1912,986,34,1,2022-10-15
1913,787,45,4,2023-10-06
1914,717,2,5,2022-11-30
1915,534,39,3,2022-03-21
1916,204,32,1,2023-02-24
1917,605,15,2,2022-04-17
1918,560,14,4,2022-10-27
1919,444,41,4,2023-02-04
1920,275,25,5,2023-11-11
1921,474,2,4,2023-03-22
1922,828,15,4,2022-06-21
1923,619,40,3,2022-01-22
1924,163,10,5,2023-11-14
1925,283,17,4,2023-12-18
1926,527,50,4,2022-06-27
1927,979,3,5,2022-07-08
1928,110,29,4,2022-07-05
1929,606,19,5,2022-02-12
1930,725,11,4,2022-11-25
1931,292,21,4,2023-12-15
1932,254,17,4,2022-09-10
1933,188,50,4,2023-09-22
1934,903,50,5,2022-02-21
1935,9,37,4,2023-02-14
1936,768,28,5,2022-11-24
1937,503,50,3,2022-07-20
1938,636,3,1,2023-09-15
1939,642,3,4,2022-04-28
1940,781,26,5,2022-10-01
1941,43,29,5,2022-12-10
1942,524,49,4,2022-07-27
1943,863,22,4,2022-12-24
1944,369,31,3,2022-09-16
1945,466,48,3,2022-02-13
1946,140,10,3,2023-01-22
1947,283,38,4,2023-02-24
1948,920,14,3,2023-02-24
1949,703,42,4,2023-07-18
1950,677,26,5,2022-10-26
1951,195,43,3,2023-09-22
1952,594,38,3,2022-07-30
1953,959,5,1,2022-11-19
1954,659,24,4,2023-06-14
1955,165,32,5,2023-03-07
1956,311,26,2,2023-07-05
1957,729,48,2,2022-03-06
1958,857,46,5,2023-05-12
1959,917,27,3,2024-02-19
1960,372,24,4,2023-08-01
1961,507,47,5,2022-08-07
1962,300,8,3,2023-12-17
1963,122,8,4,2023-11-18
1964,738,16,3,2022-01-20
1965,120,37,1,2022-07-22
1966,778,1,5,2023-10-14
1967,959,9,5,2022-02-24
1968,916,35,2,2023-04-07
1969,377,42,5,2023-08-22
1970,369,5,3,2022-06-19
1971,104,21,1,2023-07-08
1972,275,17,4,2023-08-04
1973,203,30,2,2022-04-06
1974,937,1,5,2023-10-02
1975,452,32,5,2023-06-11
1976,12,32,3,2023-07-03
1977,927,2,2,2023-12-24
1978,566,10,4,2023-08-11
1979,288,29,5,2022-03-25
1980,38,1,5,2023-12-08
1981,41,46,5,2022-03-24
1982,123,41,4,2023-06-22
1983,11,49,5,2023-05-01
1984,936,47,2,2023-11-23
1985,317,36,4,2022-10-12
1986,955,31,4,2023-02-16
1987,944,45,3,2022-01-16
1988,242,45,4,2023-06-05
1989,254,21,2,2022-08-23
1990,347,1,5,2022-02-01
1991,132,1,5,2024-01-08
1992,556,44,4,2023-08-11
1993,231,27,4,2023-02-26
1994,569,8,4,2023-08-17
1995,725,26,5,2023-11-29
1996,781,24,5,2023-10-09
1997,522,19,5,2022-08-23
1998,125,39,3,2022-06-25
1999,554,42,4,2023-01-11
2000,164,44,5,2022-03-09
2001,411,2,5,2022-10-26
2002,148,18,5,2023-10-15
2003,368,21,4,2023-02-21
2004,276,39,5,2022-12-18
2005,865,46,2,2023-12-01
2006,650,12,3,2023-03-07
2007,568,35,1,2023-04-03
2008,204,38,4,2023-10-13
2009,198,11,2,2023-12-18
2010,649,10,3,2022-06-18
2011,824,40,5,2022-08-14
2012,391,46,5,2023-09-03
2013,986,44,4,2022-06-20
2014,14,11,4,2022-05-05
2015,900,25,4,2023-12-16
2016,520,9,5,2022-04-21
2017,95,4,5,2022-04-30
2018,127,16,3,2022-09-16
2019,963,37,5,2023-12-22
2020,686,48,4,2023-10-21
2021,618,44,4,2022-12-07
2022,637,50,4,2023-07-28
2023,327,9,2,2022-03-21
2024,777,14,3,2022-07-23
2025,586,7,2,2022-04-16
2026,116,47,2,2022-10-09
2027,637,50,4,2022-03-23
2028,68,1,3,2022-03-30
2029,468,18,5,2023-09-07
2030,584,19,4,2022-09-14
2031,416,35,3,2024-01-03
2032,109,43,2,2022-09-29
2033,218,28,3,2023-07-08
2034,727,9,4,2023-11-22
2035,644,40,5,2022-12-29
2036,694,8,5,2022-10-13
2037,722,25,5,2022-03-18
2038,577,49,4,2023-05-21
2039,972,10,4,2022-03-08
2040,208,7,3,2022-11-26
2041,839,19,1,2022-04-19
2042,80,27,5,2023-07-15
2043,271,23,5,2024-01-28
2044,902,48,1,2022-03-23
2045,136,13,4,2022-07-07
2046,288,2,1,2023-11-29
2047,962,35,5,2022-08-07
2048,13,27,4,2022-04-13
2049,609,6,4,2022-04-14
2050,585,19,5,2023-09-26
2051,791,15,5,2023-01-17
2052,742,41,3,2023-03-15
2053,283,50,4,2023-01-03
2054,532,11,3,2022-04-09
2055,485,9,3,2022-08-15
2056,53,42,4,2023-03-28
2057,254,32,1,2023-04-06
2058,364,8,3,2022-12-13
2059,876,27,5,2022-06-14
2060,84,45,5,2022-12-10
2061,642,29,5,2022-05-27
2062,361,36,5,2022-10-04
2063,871,19,5,2022-04-23
2064,91,22,4,2023-10-28
2065,282,5,5,2023-08-01
2066,299,25,3,2023-12-11
2067,793,30,3,2023-05-22
2068,970,25,5,2022-10-25
2069,765,21,4,2023-07-29
2070,137,19,5,2022-03-04
2071,728,31,2,2023-08-25
2072,240,39,5,2022-03-13
2073,351,29,4,2023-04-20
2074,350,25,3,2023-12-14
2075,885,39,4,2022-04-12
2076,512,17,4,2022-07-11
2077,567,8,2,2022-06-24
2078,875,3,2,2022-12-20
2079,495,50,2,2023-09-01
2080,128,50,5,2023-11-22
2081,972,11,3,2022-10-03
2082,169,10,2,2023-04-25
2083,527,41,5,2023-11-02
2084,417,10,4,2023-10-02
2085,38,23,1,2022-02-18
2086,794,33,4,2023-11-23
2087,212,45,4,2023-11-16
2088,110,48,4,2023-02-27
2089,790,39,4,2024-01-24
2090,104,39,5,2024-02-02
2091,33,9,4,2023-03-15
2092,627,14,5,2023-07-08
2093,709,25,4,2022-06-19
2094,677,7,5,2023-10-20
2095,335,6,5,2023-08-21
2096,348,18,1,2023-10-26
2097,713,34,5,2023-05-04
2098,68,10,1,2023-12-27
2099,553,36,3,2023-02-21
2100,913,34,2,2022-08-11
2101,278,50,4,2022-04-13
2102,311,35,5,2022-03-23
2103,607,22,1,2022-10-24
2104,462,49,3,2022-12-14
2105,627,24,4,2023-06-18
2106,61,18,4,2023-07-23
2107,132,22,4,2022-04-27
2108,326,17,2,2023-11-20
2109,218,37,4,2023-09-16
2110,152,10,1,2022-05-30
2111,788,30,2,2023-04-11
2112,328,17,5,2022-06-07
2113,757,17,5,2023-08-19
2114,340,24,2,2023-06-06
2115,969,44,5,2023-06-06
2116,710,50,2,2023-12-05
2117,431,26,3,2023-04-22
2118,100,34,5,2022-01-15
2119,666,4,3,2023-02-13
2120,186,1,4,2023-08-19
2121,580,17,3,2022-12-08
2122,121,44,5,2023-09-25
2123,150,12,3,2023-01-04
2124,770,49,4,2023-05-11
2125,963,47,3,2022-12-06
2126,244,44,5,2022-06-21
2127,817,14,4,2022-11-15
2128,638,6,3,2023-05-05
2129,21,12,4,2022-05-09
2130,788,3,3,2022-04-21
2131,401,13,5,2022-10-20
2132,625,14,4,2022-04-13
2133,739,19,5,2024-01-02
2134,73,25,5,2023-05-10
2135,235,44,3,2023-03-30
2136,588,35,4,2023-02-23
2137,556,46,5,2023-12-08
2138,957,40,5,2022-12-05
2139,758,29,4,2022-12-02
2140,859,24,4,2024-02-09
2141,733,32,5,2023-05-31
2142,622,4,4,2023-12-26
2143,131,25,2,2023-08-04
2144,138,8,1,2023-11-03
2145,193,48,2,2022-01-04
2146,527,8,1,2024-01-25
2147,24,4,5,2024-02-22
2148,995,4,4,2023-03-09
2149,908,33,4,2022-07-31
2150,919,21,3,2024-02-13
2151,951,16,3,2023-11-10
2152,257,1,4,2024-02-15
2153,760,41,5,2022-10-23
2154,268,23,3,2023-09-12
2155,257,40,4,2024-01-19
2156,705,42,4,2022-06-27
2157,455,23,4,2023-10-30
2158,326,8,3,2023-12-19
2159,601,33,5,2022-05-10
2160,873,49,2,2023-09-22
2161,187,14,4,2023-11-22
2162,279,6,5,2023-05-31
2163,609,25,4,2023-07-04
2164,476,14,4,2023-01-06
2165,130,41,5,2022-12-18
2166,40,11,2,2023-02-17
2167,757,42,3,2023-11-11
2168,344,7,5,2022-04-26
2169,489,19,2,2022-06-21
2170,772,2,3,2022-06-19
2171,524,7,3,2024-02-23
2172,600,34,5,2022-07-27
2173,576,2,1,2023-09-25
2174,454,27,5,2023-10-14
2175,448,44,4,2022-06-27
2176,263,7,2,2022-08-03
2177,775,6,4,2022-08-19
2178,702,44,4,2022-05-29
2179,170,23,4,2022-06-20
2180,491,1,4,2023-10-22
2181,782,43,5,2022-12-08
2182,659,13,3,2022-09-13
2183,456,3,3,2022-05-20
2184,966,16,2,2023-08-13
2185,951,32,4,2023-01-27
2186,957,15,4,2022-12-20
2187,242,47,4,2023-12-03
2188,102,15,5,2022-04-27
2189,950,50,4,2022-01-28
2190,411,33,5,2022-01-29
2191,183,15,3,2023-02-10
2192,94,23,3,2022-07-01
2193,78,25,1,2022-10-31
2194,329,35,5,2022-11-30
2195,898,19,4,2023-05-06
2196,27,29,1,2024-01-29
2197,913,5,4,2023-08-06
2198,994,34,4,2022-08-01
2199,344,35,5,2022-04-29
2200,843,40,5,2022-03-30
2201,775,32,4,2022-11-23
2202,330,47,4,2023-07-10
2203,708,8,5,2023-08-11
2204,24,15,3,2022-03-01
2205,863,39,2,2023-01-28
2206,106,37,4,2023-07-16
2207,184,18,4,2024-01-17
2208,581,2,4,2023-10-15
2209,850,33,4,2023-06-29
2210,994,7,5,2023-05-09
2211,759,13,5,2022-04-09
2212,114,11,1,2022-05-04
2213,891,7,3,2022-04-24
2214,435,30,5,2022-08-15
2215,21,11,4,2023-01-07
2216,347,8,4,2023-08-25
2217,923,1,1,2023-05-30
2218,448,42,4,2022-05-27
2219,844,47,1,2022-03-02
2220,405,2,4,2023-05-24
2221,743,12,3,2022-11-14
2222,75,37,5,2023-08-05
2223,38,44,5,2022-12-21
2224,407,2,5,2022-10-23
2225,638,35,5,2023-01-15
2226,407,48,5,2023-01-04
2227,236,46,4,2024-01-29
2228,61,34,3,2023-10-06
2229,696,42,5,2023-05-17
2230,764,18,1,2023-01-26
2231,423,26,4,2023-03-29
2232,603,40,4,2022-01-09
2233,218,15,1,2023-12-09
2234,722,38,2,2023-07-03
2235,85,6,2,2023-10-17
2236,152,33,4,2023-01-14
2237,394,40,5,2023-01-19
2238,639,42,5,2022-01-08
2239,519,44,1,2023-05-23
2240,361,18,5,2023-07-04
2241,58,19,4,2023-09-22
2242,997,30,2,2023-12-25
2243,979,34,3,2023-06-27
2244,576,17,3,2023-07-02
2245,829,41,3,2022-12-29
2246,40,48,5,2022-08-10
2247,329,19,4,2023-09-06
2248,945,39,1,2023-02-21
2249,729,22,5,2022-06-05
2250,55,17,5,2023-03-19
2251,950,16,1,2022-09-18
2252,395,14,5,2022-03-26
2253,954,38,5,2023-08-12
2254,212,6,4,2023-02-26
2255,532,42,4,2022-03-17
2256,367,20,2,2022-08-14
2257,351,18,5,2023-05-14
2258,497,43,4,2023-10-19
2259,554,40,4,2022-11-17
2260,130,40,4,2023-11-16
2261,793,28,3,2022-05-08
2262,263,21,4,2023-07-30
2263,814,35,3,2022-07-27
2264,562,6,3,2022-05-05
2265,443,11,5,2022-11-12
2266,398,23,5,2023-02-20
2267,125,43,1,2022-04-21
2268,798,42,4,2022-08-19
2269,458,6,2,2023-07-28
2270,939,1,1,2023-07-20
2271,4,17,1,2024-02-12
2272,145,44,3,2022-12-07
2273,132,4,4,2022-06-15
2274,109,3,4,2023-11-26
2275,511,8,3,2023-11-23
2276,480,8,1,2022-04-11
2277,485,19,4,2023-04-30
2278,235,44,5,2023-01-31
2279,288,10,5,2022-04-18
2280,830,29,1,2022-11-15
2281,162,38,5,2024-01-18
2282,994,8,4,2022-04-20
2283,343,32,4,2023-10-18
2284,337,39,5,2022-10-30
2285,255,15,3,2023-08-29
2286,298,22,1,2022-03-11
2287,175,41,4,2023-03-23
2288,909,29,3,2023-05-06
2289,767,14,4,2022-12-13
2290,779,46,1,2023-07-03
2291,311,34,2,2022-08-08
2292,342,7,3,2023-08-17
2293,191,37,5,2023-11-08
2294,650,10,4,2023-10-14
2295,53,17,1,2024-01-24
2296,876,46,5,2022-03-28
2297,332,34,3,2023-04-04
2298,925,41,2,2024-02-12
2299,53,27,2,2023-08-30
2300,489,29,1,2024-02-26
2301,939,21,4,2023-05-27
2302,41,34,3,2023-07-14
2303,37,3,4,2022-10-17
2304,113,31,1,2023-09-26
2305,533,2,1,2023-06-15
2306,222,37,3,2022-10-09
2307,460,1,3,2022-10-21
2308,418,25,5,2023-11-28
2309,509,16,1,2022-04-01
2310,991,4,3,2022-07-10
2311,127,37,4,2023-01-31
2312,534,5,5,2022-05-19
2313,710,12,2,2022-08-09
2314,279,44,2,2023-06-13
2315,732,30,1,2024-02-24
2316,1,27,3,2023-12-28
2317,451,41,5,2024-02-07
2318,602,45,2,2022-10-16
2319,253,8,5,2023-10-14
2320,462,31,5,2023-07-16
2321,830,6,4,2022-02-07
2322,802,1,5,2023-11-29
2323,322,26,4,2023-04-08
2324,308,18,5,2023-07-13
2325,927,45,3,2023-08-04
2326,26,26,2,2022-10-21
2327,82,40,4,2023-07-18
2328,527,28,3,2022-03-17
2329,703,24,4,2023-03-05
2330,138,26,4,2022-07-28
2331,594,5,3,2023-04-19
2332,350,14,3,2024-02-12
2333,846,6,1,2022-05-07
2334,912,48,4,2023-09-07
2335,691,33,3,2023-06-20
2336,293,17,3,2022-02-12
2337,53,39,4,2023-10-04
2338,213,3,3,2022-02-07
2339,214,32,4,2022-12-30
2340,758,49,5,2023-05-26
2341,827,10,3,2023-05-19
2342,87,49,1,2023-10-07
2343,127,46,5,2022-08-08
2344,728,39,3,2023-03-19
2345,594,46,1,2023-10-13
2346,118,23,4,2023-04-19
2347,118,37,5,2022-07-21
2348,17,39,4,2022-11-09
2349,480,21,5,2022-06-10
2350,279,18,1,2022-01-10
2351,683,17,4,2023-07-11
2352,715,30,3,2022-09-25
2353,800,13,2,2023-12-06
2354,865,32,3,2023-05-01
2355,606,12,4,2022-12-02
2356,27,1,2,2022-03-15
2357,549,48,1,2022-08-12
2358,724,31,3,2023-11-07
2359,489,27,5,2022-11-16
2360,598,34,3,2022-12-08
2361,149,21,3,2022-09-03
2362,525,34,2,2022-07-31
2363,815,29,4,2022-11-21
2364,58,43,5,2022-12-09
2365,193,2,3,2022-03-02
2366,599,38,5,2023-02-17
2367,123,21,3,2023-04-20
2368,697,20,3,2022-05-09
2369,234,32,3,2022-10-02
2370,710,50,3,2023-11-18
2371,589,15,5,2022-04-16
2372,413,29,4,2022-03-12
2373,427,39,5,2023-12-10
2374,380,20,1,2023-01-04
2375,594,46,1,2022-12-04
2376,770,5,5,2022-07-31
2377,894,27,3,2023-01-12
2378,986,24,3,2024-02-08
2379,10,25,5,2023-11-16
2380,376,29,4,2023-06-27
2381,654,17,1,2024-02-20
2382,781,26,4,2022-03-16
2383,117,36,5,2023-09-29
2384,813,28,4,2023-02-22
2385,274,3,1,2022-09-03
2386,283,11,3,2022-11-25
2387,223,18,5,2022-09-22
2388,365,30,4,2023-04-22
2389,1,31,3,2024-01-20
2390,278,21,3,2022-12-28
2391,765,40,3,2023-07-12
2392,481,7,4,2022-05-19
2393,282,17,3,2023-07-19
2394,205,48,1,2022-02-11
2395,664,20,5,2022-05-10
2396,172,11,2,2023-09-14
2397,582,49,4,2023-06-18
2398,494,1,4,2023-12-19
2399,452,3,4,2022-11-09
2400,237,37,5,2022-10-11
2401,101,30,5,2022-09-01
2402,932,31,4,2023-07-10
2403,288,19,4,2022-05-17
2404,511,33,5,2022-10-28
2405,386,28,5,2023-07-09
2406,477,21,1,2024-01-25
2407,344,11,4,2022-10-20
2408,768,50,4,2024-02-20
2409,398,48,4,2023-10-22
2410,12,24,5,2022-12-26
2411,590,47,3,2022-10-28
2412,905,11,5,2023-03-13
2413,233,47,4,2022-01-02
2414,166,13,5,2023-04-13
2415,905,18,3,2023-07-28
2416,209,42,5,2022-02-14
2417,467,14,5,2022-01-15
2418,452,28,4,2022-01-14
2419,693,31,5,2022-09-17
2420,264,39,4,2022-11-29
2421,462,8,3,2023-09-21
2422,465,41,3,2022-09-26
2423,976,3,2,2022-03-05
2424,586,7,5,2023-01-27
2425,879,39,3,2023-01-02
2426,940,19,5,2023-02-20
2427,372,6,5,2023-03-03
2428,726,38,5,2022-12-29
2429,167,42,4,2023-04-17
2430,245,23,1,2023-09-04
2431,371,40,4,2023-04-03
2432,569,22,3,2022-05-08
2433,442,31,4,2023-03-22
2434,995,37,5,2024-02-15
2435,401,27,5,2023-09-04
2436,815,49,4,2022-06-09
2437,272,50,4,2022-11-21
2438,698,48,4,2023-05-25
2439,367,11,1,2023-06-19
2440,644,12,4,2023-12-09
2441,867,6,4,2023-08-22
2442,620,1,3,2023-06-08
2443,722,24,4,2024-02-19
2444,283,16,3,2023-04-14
2445,62,24,3,2022-12-25
2446,666,39,4,2022-02-08
2447,183,24,4,2023-09-02
2448,177,39,4,2022-09-23
2449,509,18,4,2022-10-09
2450,164,25,5,2022-09-27
2451,784,14,5,2022-12-21
2452,489,30,2,2023-11-10
2453,376,20,3,2022-07-21
2454,762,35,5,2022-03-31
2455,83,43,4,2023-06-04
2456,282,24,4,2023-06-09
2457,19,23,5,2022-04-29
2458,113,7,5,2023-01-21
2459,138,25,4,2023-04-13
2460,185,17,5,2022-02-24
2461,529,3,3,2022-04-19
2462,927,49,5,2024-02-04
2463,591,23,4,2023-02-07
2464,990,42,5,2023-08-21
2465,940,23,2,2024-01-30
2466,920,35,2,2024-01-27
2467,247,38,2,2023-10-24
2468,650,24,4,2022-02-23
2469,448,43,3,2022-03-18
2470,997,31,2,2022-09-12
2471,509,27,5,2023-02-25
2472,408,42,4,2024-01-16
2473,990,21,3,2023-06-04
2474,270,39,3,2023-02-27
2475,930,50,3,2022-01-12
2476,753,18,3,2024-02-12
2477,981,49,5,2022-12-11
2478,87,12,3,2022-06-11
2479,880,39,3,2023-11-01
2480,774,33,1,2023-02-01
2481,442,10,3,2024-02-20
2482,212,35,2,2022-06-18
2483,107,30,4,2022-05-17
2484,1000,25,5,2022-11-18
2485,793,16,3,2024-02-03
2486,69,32,4,2023-04-14
2487,592,38,3,2023-11-18
2488,268,35,3,2023-06-26
2489,834,21,2,2023-06-16
2490,631,6,3,2023-01-24
2491,399,22,4,2022-12-01
2492,280,25,5,2023-12-22
2493,604,33,5,2024-02-14
2494,589,1,3,2023-09-11
2495,384,48,5,2022-12-08
2496,950,31,3,2022-03-09
2497,788,33,5,2022-10-08
2498,576,48,4,2024-01-14
2499,755,48,1,2022-03-13
2500,915,12,4,2022-03-11
2501,258,18,4,2022-03-19
2502,698,46,1,2023-12-28
2503,872,31,4,2023-04-03
2504,907,8,3,2023-07-17
2505,198,13,3,2022-08-01
2506,600,5,4,2024-01-25
2507,413,24,3,2022-05-24
2508,964,31,5,2023-07-19
2509,198,30,5,2022-06-27
2510,177,8,4,2023-08-17
2511,735,31,4,2022-05-15
2512,467,16,1,2022-12-08
2513,469,6,5,2023-04-22
2514,360,23,4,2023-10-19
2515,673,33,1,2022-02-28
2516,644,12,5,2023-11-27
2517,439,49,3,2022-12-08
2518,65,29,1,2023-03-09
2519,277,43,3,2023-03-29
2520,129,26,3,2022-05-13
2521,5,11,3,2023-02-08
2522,197,17,4,2023-02-26
2523,495,7,2,2022-07-13
2524,312,32,4,2023-10-27
2525,100,9,3,2024-01-01
2526,966,36,2,2022-12-03
2527,318,28,4,2023-04-26
2528,206,26,3,2023-05-18
2529,374,45,3,2023-03-20
2530,682,10,5,2022-08-10
2531,100,11,5,2023-09-20
2532,295,4,3,2023-01-04
2533,692,15,5,2023-07-30
2534,842,18,2,2022-01-03
2535,123,48,3,2023-03-19
2536,886,45,3,2024-02-09
2537,457,41,3,2023-02-04
2538,608,33,4,2024-01-18
2539,73,21,3,2023-08-30
2540,150,41,5,2022-08-27
2541,489,15,5,2022-03-04
2542,500,11,3,2023-01-15
2543,859,5,3,2022-07-06
2544,701,47,4,2022-06-07
2545,326,20,4,2022-11-29
2546,67,38,3,2022-02-14
2547,494,46,3,2023-07-21
2548,369,25,5,2022-08-06
2549,72,39,4,2022-07-27
2550,157,12,4,2022-03-31
2551,318,43,5,2023-05-09
2552,866,4,5,2024-02-06
2553,729,29,4,2024-02-20
2554,174,5,4,2023-09-07
2555,691,34,5,2023-10-09
2556,63,21,5,2023-02-09
2557,154,18,4,2023-10-22
2558,952,42,1,2024-01-13
2559,112,18,4,2022-01-08
2560,118,44,2,2022-11-17
2561,786,9,2,2022-02-11
2562,406,20,4,2023-02-17
2563,390,44,2,2024-01-26
2564,869,27,4,2022-11-22
2565,678,3,4,2022-06-02
2566,215,5,3,2023-03-06
2567,51,28,1,2023-04-22
2568,961,25,4,2022-02-05
2569,14,31,5,2022-01-09
2570,159,38,3,2023-03-11
2571,380,42,1,2022-09-20
2572,606,27,5,2023-02-24
2573,399,3,3,2023-10-25
2574,484,29,1,2022-02-04
2575,82,19,5,2022-01-17
2576,740,36,5,2023-07-16
2577,318,20,4,2022-01-27
2578,2,49,5,2022-08-08
2579,779,24,4,2022-03-31
2580,666,40,4,2023-10-17
2581,935,44,4,2024-01-31
2582,209,43,4,2022-02-17
2583,925,33,5,2023-11-09
2584,164,23,4,2022-03-08
2585,669,19,3,2022-08-05
2586,552,11,5,2022-07-28
2587,633,1,4,2023-01-13
2588,691,6,5,2023-12-15
2589,185,32,4,2022-09-23
2590,300,26,5,2024-02-11
2591,933,28,4,2023-05-24
2592,780,14,5,2023-08-04
2593,876,45,2,2022-10-02
2594,8,16,1,2022-01-14
2595,578,49,5,2023-11-17
2596,107,49,1,2023-04-04
2597,225,42,2,2022-09-26
2598,492,38,3,2022-05-18
2599,7,35,2,2022-05-05
2600,139,43,5,2022-12-21
2601,434,7,3,2022-07-12
2602,289,6,4,2023-03-15
2603,725,37,5,2022-08-14
2604,293,2,3,2022-07-09
2605,400,12,4,2022-12-25
2606,84,26,4,2023-12-27
2607,459,13,4,2022-03-05
2608,187,6,4,2022-01-03
2609,402,41,5,2023-12-10
2610,172,36,5,2022-11-06
2611,401,31,5,2022-10-20
2612,19,6,4,2023-04-26
2613,956,26,5,2023-01-31
2614,875,3,3,2023-06-05
2615,628,12,1,2023-04-01
2616,621,43,3,2022-11-10
2617,471,2,5,2023-03-08
2618,971,17,4,2022-02-12
2619,68,14,5,2023-12-28
2620,56,7,4,2024-02-17
2621,948,11,5,2023-07-11
2622,238,28,3,2023-10-01
2623,689,26,1,2023-11-27
2624,850,4,4,2022-04-22
2625,192,44,4,2022-09-07
2626,19,18,2,2023-11-12
2627,466,18,4,2022-01-28
2628,58,37,4,2023-06-07
2629,356,48,5,2023-07-06
2630,279,37,5,2024-01-19
2631,144,20,4,2022-01-20
2632,73,12,4,2022-06-06
2633,989,18,4,2022-01-26
2634,165,48,4,2022-05-02
2635,35,19,2,2023-06-22
2636,665,24,4,2024-02-25
2637,552,33,3,2022-07-10
2638,91,50,1,2022-10-28
2639,329,26,3,2022-04-19
2640,389,12,4,2022-05-26
2641,794,4,4,2022-12-02
2642,984,43,2,2024-01-08
2643,269,27,4,2022-08-20
2644,116,29,5,2022-06-18
2645,593,14,5,2022-10-02
2646,514,43,2,2022-03-29
2647,911,13,4,2022-08-16
2648,362,13,3,2022-08-20
2649,356,15,5,2023-11-26
2650,740,25,4,2023-09-25
2651,288,31,5,2024-02-24
2652,27,44,2,2023-02-09
2653,167,1,5,2022-02-16
2654,801,42,5,2023-01-31
2655,891,27,4,2023-01-14
2656,506,49,3,2023-02-15
2657,936,16,3,2023-07-02
2658,845,35,3,2023-02-10
2659,542,5,5,2022-12-10
2660,834,37,5,2023-05-26
2661,917,44,4,2023-09-04
2662,35,24,3,2023-01-06
2663,860,31,5,2022-04-30
2664,432,50,5,2024-02-17
2665,344,38,4,2022-12-01
2666,712,28,3,2022-09-08
2667,469,32,5,2023-07-10
2668,110,17,5,2022-11-12
2669,889,28,1,2022-08-22
2670,59,21,1,2023-04-24
2671,487,46,5,2023-05-26
2672,975,33,5,2024-01-12
2673,643,1,4,2023-11-29
2674,602,22,4,2023-10-13
2675,389,17,1,2022-07-01
2676,455,9,5,2022-06-02
2677,125,12,3,2023-09-30
2678,521,19,5,2023-01-13
2679,801,29,5,2022-07-26
2680,951,1,5,2024-01-07
2681,78,3,1,2022-01-03
2682,769,17,4,2022-08-31
2683,145,27,5,2023-02-20
2684,33,29,2,2022-08-14
2685,656,19,5,2022-02-19
2686,724,6,5,2022-01-06
2687,784,34,5,2022-01-07
2688,126,45,4,2022-09-29
2689,416,38,1,2022-03-27
2690,32,8,1,2024-02-20
2691,719,42,5,2022-12-05
2692,235,41,5,2023-12-12
2693,624,41,1,2022-11-18
2694,168,48,3,2024-02-07
2695,114,33,4,2023-03-30
2696,414,17,4,2022-07-10
2697,715,50,2,2023-12-02
2698,931,11,5,2023-05-15
2699,578,45,5,2023-10-02
2700,371,41,1,2022-11-25
2701,821,29,4,2022-06-17
2702,579,12,3,2022-07-19
2703,771,23,3,2023-06-13
2704,791,2,4,2023-12-21
2705,264,10,4,2022-09-06
2706,105,14,4,2022-04-15
2707,660,9,1,2023-02-17
2708,443,30,1,2023-08-13
2709,867,42,4,2022-08-30
2710,121,4,1,2023-10-22
2711,759,35,4,2022-04-28
2712,871,7,2,2023-10-02
2713,403,14,5,2024-01-01
2714,366,11,5,2023-03-22
2715,710,14,5,2022-06-18
2716,491,21,1,2022-08-16
2717,158,2,2,2022-09-17
2718,383,13,4,2022-09-24
2719,201,13,1,2023-03-28
2720,575,26,5,2022-07-13
2721,340,18,5,2023-11-16
2722,27,7,3,2024-02-19
2723,531,22,5,2023-05-22
2724,549,22,1,2023-05-05
2725,777,11,5,2022-01-16
2726,557,12,3,2023-05-13
2727,503,23,3,2022-01-14
2728,391,34,1,2022-04-20
2729,538,48,5,2022-07-04
2730,83,21,1,2023-08-08
2731,304,1,4,2022-08-18
2732,419,17,5,2024-01-24
2733,700,7,2,2023-11-26
2734,43,46,1,2023-06-20
2735,183,4,4,2023-02-27
2736,71,50,1,2024-01-25
2737,69,13,5,2022-08-25
2738,522,33,5,2022-05-06
2739,238,7,5,2022-11-07
2740,827,3,4,2022-03-14
2741,302,29,5,2024-01-27
2742,497,10,3,2023-03-27
2743,61,45,4,2023-10-22
2744,370,40,2,2023-01-16
2745,47,4,5,2022-01-11
2746,273,44,4,2022-03-27
2747,53,8,4,2022-12-31
2748,435,4,3,2023-06-15
2749,922,21,1,2022-12-26
2750,761,29,3,2022-08-01
2751,990,32,2,2022-04-08
2752,149,1,3,2024-02-06
2753,449,25,3,2023-09-30
2754,839,3,4,2023-01-09
2755,226,5,4,2023-03-23
2756,883,48,4,2022-10-13
2757,116,14,4,2023-05-11
2758,782,6,3,2022-09-21
2759,708,25,5,2022-02-07
2760,223,38,4,2023-08-15
2761,457,20,1,2023-03-19
2762,367,39,1,2022-01-13
2763,120,47,4,2023-11-15
2764,415,50,5,2023-05-07
2765,35,14,1,2022-01-28
2766,370,38,5,2024-02-15
2767,890,25,1,2023-09-26
2768,671,6,5,2022-09-26
2769,26,44,4,2022-11-09
2770,700,33,4,2023-03-06
2771,964,17,3,2023-09-08
2772,525,22,5,2022-07-15
2773,93,36,3,2023-07-07
2774,639,15,4,2022-03-04
2775,143,24,5,2022-08-19
2776,906,22,4,2023-05-21
2777,311,21,5,2022-12-09
2778,280,32,4,2023-05-05
2779,335,44,3,2022-01-22
2780,820,32,4,2022-01-16
2781,830,35,3,2022-12-21
2782,159,23,4,2022-06-08
2783,790,11,5,2023-03-20
2784,420,16,3,2023-08-18
2785,419,43,3,2022-07-31
2786,314,22,5,2022-01-28
2787,381,32,5,2022-07-27
2788,226,25,4,2023-06-12
2789,609,32,4,2022-01-05
2790,663,48,4,2023-09-26
2791,66,48,5,2023-08-16
2792,161,28,4,2024-01-26
2793,926,26,5,2022-11-07
2794,369,45,5,2022-06-02
2795,226,28,5,2023-09-20
2796,2,50,5,2023-10-20
2797,382,39,5,2023-01-16
2798,825,22,4,2023-02-12
2799,608,23,4,2022-08-30
2800,877,41,4,2022-01-28
2801,112,47,3,2022-06-06
2802,229,9,3,2023-02-25
2803,145,28,3,2022-03-31
2804,612,32,5,2022-04-25
2805,766,35,4,2022-04-08
2806,326,24,4,2023-11-04
2807,592,32,3,2022-09-16
2808,595,13,3,2022-04-06
2809,606,29,4,2022-01-07
2810,791,31,2,2024-02-09
2811,234,11,1,2023-10-05
2812,28,4,5,2023-01-21
2813,309,22,3,2024-02-02
2814,569,33,1,2023-10-28
2815,399,26,5,2024-02-18
2816,892,19,5,2023-11-20
2817,667,35,4,2022-07-04
2818,984,1,3,2022-11-08
2819,531,34,1,2022-05-20
2820,790,48,5,2022-10-11
2821,757,4,5,2023-12-23
2822,186,14,2,2023-12-19
2823,996,47,5,2022-06-17
2824,510,16,4,2022-09-26
2825,750,21,3,2022-11-23
2826,553,37,4,2023-05-15
2827,367,35,4,2024-01-10
2828,973,25,5,2022-05-09
2829,845,3,1,2024-02-04
2830,946,10,5,2022-04-18
2831,991,2,4,2022-06-16
2832,660,8,5,2022-04-07
2833,877,40,1,2022-06-24
2834,185,9,4,2022-11-24
2835,346,33,4,2022-09-24
2836,213,30,4,2022-07-29
2837,168,21,5,2022-03-26
2838,385,2,3,2023-05-10
2839,944,33,1,2022-08-08
2840,338,37,4,2022-09-16
2841,321,36,5,2024-02-21
2842,670,45,5,2022-06-02
2843,589,9,2,2022-07-25
2844,503,21,3,2023-03-16
2845,606,2,5,2022-07-28
2846,272,17,2,2023-02-11
2847,32,26,5,2022-01-29
2848,61,24,2,2023-11-25
2849,452,25,5,2024-01-11
2850,592,20,2,2023-01-29
2851,591,35,5,2023-12-13
2852,813,9,3,2022-02-27
2853,584,42,3,2023-11-16
2854,920,28,5,2023-06-01
2855,326,21,5,2022-06-25
2856,105,34,1,2022-04-30
2857,985,45,5,2023-06-02
2858,190,50,4,2023-06-07
2859,467,6,2,2023-09-04
2860,132,23,4,2022-02-05
2861,284,13,3,2022-10-13
2862,564,16,4,2022-11-29
2863,822,5,2,2023-08-02
2864,508,26,1,2023-05-29
2865,814,26,5,2023-05-01
2866,49,16,2,2022-11-04
2867,468,14,5,2022-03-12
2868,750,16,5,2022-02-06
2869,695,26,5,2022-08-21
2870,782,34,5,2023-09-25
2871,364,29,5,2023-06-14
2872,612,19,4,2022-09-18
2873,602,34,3,2023-01-05
2874,253,43,3,2022-07-20
2875,192,44,4,2023-01-11
2876,640,36,1,2022-11-29
2877,226,3,2,2022-04-01
2878,488,42,5,2023-05-30
2879,265,10,5,2023-11-13
2880,501,24,5,2023-02-19
2881,5,24,5,2024-01-10
2882,511,44,4,2023-07-24
2883,677,37,4,2022-10-07
2884,933,43,2,2023-10-22
2885,477,34,4,2022-02-10
2886,871,43,5,2022-12-14
2887,756,30,1,2024-02-04
2888,401,20,4,2023-08-18
2889,993,31,2,2022-08-03
2890,513,38,4,2022-02-21
2891,285,45,4,2022-06-12
2892,129,3,5,2023-07-02
2893,920,48,2,2022-02-03
2894,484,4,5,2022-05-30
2895,827,46,5,2023-09-28
2896,36,14,4,2022-11-01
2897,272,21,3,2024-02-01
2898,443,38,5,2023-10-04
2899,826,11,4,2023-03-28
2900,766,48,1,2022-01-12
2901,734,34,5,2023-06-30
2902,724,26,5,2023-09-28
2903,432,30,5,2022-07-24
2904,686,13,3,2022-07-30
2905,130,9,4,2022-12-18
2906,43,4,3,2023-09-07
2907,626,47,4,2023-08-12
2908,774,19,5,2023-08-22
2909,870,11,3,2022-11-01
2910,530,44,5,2022-09-15
2911,68,16,5,2023-04-04
2912,745,49,1,2023-06-04
2913,62,9,5,2024-02-23
2914,38,29,5,2023-12-20
2915,464,35,5,2022-01-28
2916,175,19,4,2023-01-31
2917,873,37,5,2024-02-11
2918,752,43,5,2022-06-17
2919,833,50,5,2023-07-03
2920,429,44,4,2022-06-16
2921,629,20,5,2023-05-17
2922,993,48,4,2022-01-02
2923,325,48,4,2022-04-18
2924,543,37,5,2023-03-18
2925,269,19,4,2023-09-16
2926,446,14,3,2022-07-03
2927,510,45,5,2023-06-03
2928,686,10,4,2022-04-04
2929,972,7,4,2023-08-09
2930,752,9,4,2023-07-06
2931,49,28,4,2023-11-08
2932,860,22,5,2022-10-23
2933,524,47,4,2023-03-26
2934,424,29,5,2022-12-31
2935,310,32,4,2022-04-09
2936,42,36,4,2023-08-30
2937,451,38,5,2022-08-30
2938,44,1,5,2022-04-11
2939,716,37,3,2023-05-31
2940,954,36,1,2023-05-02
2941,733,35,3,2023-07-18
2942,322,38,5,2023-08-07
2943,56,11,5,2022-10-12
2944,498,30,5,2024-01-18
2945,140,20,3,2023-01-15
2946,73,49,4,2023-12-18
2947,685,42,1,2022-11-24
2948,280,10,5,2022-11-20
2949,716,6,4,2023-12-07
2950,582,41,4,2022-01-01
2951,449,25,3,2023-12-01
2952,208,5,4,2023-04-03
2953,220,13,2,2022-06-23
2954,555,49,5,2023-02-07
2955,321,39,5,2022-04-05
2956,211,37,5,2023-04-03
2957,463,10,3,2023-06-26
2958,527,12,5,2023-09-29
2959,598,3,2,2022-07-31
2960,264,43,4,2022-05-19
2961,757,8,2,2023-09-23
2962,752,24,4,2023-07-06
2963,786,39,5,2024-02-12
2964,731,11,5,2023-05-29
2965,573,28,1,2022-07-14
2966,730,44,3,2023-05-11
2967,304,49,5,2023-01-14
2968,416,4,5,2024-01-23
2969,994,5,4,2023-06-05
2970,387,10,4,2022-02-05
2971,547,50,4,2024-01-17
2972,173,28,4,2023-04-25
2973,188,43,4,2022-04-08
2974,209,49,5,2022-09-01
2975,477,2,4,2022-08-28
2976,230,50,4,2022-02-27
2977,605,12,3,2024-01-22
2978,482,30,3,2024-02-02
2979,543,11,2,2023-12-24
2980,560,48,4,2022-12-28
2981,553,12,3,2022-03-29
2982,973,23,2,2023-03-20
2983,769,47,4,2023-12-28
2984,461,43,4,2022-09-20
2985,452,30,3,2022-04-16
2986,715,30,5,2022-12-22
2987,737,11,1,2022-05-04
2988,323,3,5,2022-08-24
2989,752,42,4,2023-06-08
2990,448,2,3,2022-01-06
2991,873,46,5,2022-09-05
2992,165,36,5,2023-05-04
2993,35,7,2,2023-05-05
2994,832,15,4,2022-10-03
2995,236,12,3,2023-10-12
2996,856,1,3,2022-08-13
2997,608,27,5,2023-03-04
2998,524,6,5,2022-03-16
2999,596,36,3,2022-01-04
3000,317,21,3,2022-08-10
